runid,date,location,short_name,long_name,census2019,date_type,doses_distributed,doses_administered,dist_per_100k,admin_per_100k,administered_moderna,administered_pfizer,administered_janssen,administered_unk_manuf,administered_dose1_recip,administered_dose1_pop_pct,administered_dose2_pop_pct,administered_dose1_recip_18plus,administered_dose1_recip_18plus_pop_pct,administered_18plus,admin_per_100k_18plus,distributed_per_100k_18plus,administered_dose1_recip_65plus,administered_dose1_recip_65plus_pop_pct,administered_65plus,admin_per_100k_65plus,distributed_per_100k_65plus,administered_dose2_recip,administered_dose2_recip_18plus,administered_dose2_recip_18plus_pop_pct,distributed_moderna,distributed_pfizer,distributed_janssen,distributed_unk_manuf,series_complete_moderna,series_complete_pfizer,series_complete_janssen,series_complete_unk_manuf,series_complete_moderna_18plus,series_complete_pfizer_18plus,series_complete_janssen_18plus,series_complete_unk_manuf_18plus,series_complete_moderna_65plus,series_complete_pfizer_65plus,series_complete_janssen_65plus,series_complete_unk_manuf_65plus,series_complete_yes,series_complete_pop_pct,series_complete_18plus,series_complete_18plus_pop_pct,series_complete_65plus,series_complete_65plus_pop_pct,administered_fed_ltc,administered_fed_ltc_dose1,administered_fed_ltc_dose2,series_complete_fed_ltc,administered_dose1,administered_dose1_per_100k,administered_dose2,administered_dose2_per_100k,recip_administered,census2019_18plus_pop,mmwr_week,ratio_admin_dist,administered_dose_other,administered_dose_other_per_100k,skipped,skip_n
1944,2021-05-05,US,USA,United States,331996199,Report,321549335,249566820,96853,75172,108142826,132721153,8516437,186404,148562891,44.7,29.8,146335135,56.7,246541364,95510,124568,45425228,83,83120604,151966,587875,98904033,98114573,38,135194800,167441235,18913300,0,44211004,54644578,8444321,46630,44140379,53925870,8422584,46529,18482560,18306673,1548085,19581,107346533,32.3,106535363,41.3,38356900,70.1,NA,NA,NA,NA,NA,NA,NA,NA,NA,NA,NA,NA,NA,NA,No,0
1944,2021-05-05,AK,AKA,Alaska,731545,Report,774305,564720,105845,77196,252528,297030,15085,77,309518,42.3,34.3,302048,54.8,551680,100021,140384,71598,78.2,134946,147340,845422,250652,245104,44.4,335200,385905,53200,0,114970,135663,13913,19,114710,130375,13849,19,38222,26822,1570,10,264565,36.2,258953,46.9,66624,72.7,NA,NA,NA,NA,NA,NA,NA,NA,NA,NA,NA,NA,NA,NA,No,0
1944,2021-05-05,AL,ALA,Alabama,4903185,Report,4187860,2670926,85411,54473,1277562,1316570,76794,0,1618791,33,22.9,1608079,42.2,2656147,69626,109777,622880,73.3,1086495,127847,492784,1120492,1116173,29.3,1867700,2068560,251600,0,536443,583989,78572,60,536340,579773,78536,60,268994,215806,23944,39,1199064,24.5,1194709,31.3,508783,59.9,NA,NA,NA,NA,NA,NA,NA,NA,NA,NA,NA,NA,NA,NA,No,0
1944,2021-05-05,AR,ARA,Arkansas,3017804,Report,2655350,1845530,87989,61155,869813,919058,56195,464,1088927,36.1,24.8,1074441,46.4,1824878,78738,114571,385667,73.6,689890,131688,506860,748425,742169,32,1178500,1316250,160600,0,364885,383433,54869,107,364579,377485,54610,105,179180,123096,8850,71,803294,26.6,796779,34.4,311197,59.4,NA,NA,NA,NA,NA,NA,NA,NA,NA,NA,NA,NA,NA,NA,No,0
1944,2021-05-05,AS,ASA,American Samoa,55689,Report,54030,39268,97021,70513,8878,30368,22,0,22002,39.5,31.2,21235,48.9,37947,87361,124387,2470,26.1,4577,48347,570719,17370,16819,38.7,15600,37830,600,0,3859,13511,29,0,3849,12970,29,0,874,1298,6,0,17399,31.2,16848,38.8,2178,23,NA,NA,NA,NA,NA,NA,NA,NA,NA,NA,NA,NA,NA,NA,No,0
1944,2021-05-05,AZ,AZA,Arizona,7278717,Report,6926125,5216530,95156,71668,2287089,2786157,140103,3181,3019286,41.5,28.3,2973879,52.7,5143898,91228,122837,1041332,79.6,1938918,148164,529264,2061256,2036539,36.1,2962500,3567525,396100,0,901875,1158329,135187,1052,901711,1133777,135096,1051,415773,405375,25885,683,2196443,30.2,2171635,38.5,847716,64.8,NA,NA,NA,NA,NA,NA,NA,NA,NA,NA,NA,NA,NA,NA,No,0
1944,2021-05-05,BP2,BP2,Bureau of Prisons,0,Report,169240,154951,0,0,60170,91901,2880,0,87422,0,0,87421,0,154950,0,0,3042,0,5715,0,0,66784,66784,0,65900,95940,7400,0,25172,41612,2866,0,25172,41612,2866,0,1281,1358,42,0,69650,0,69650,0,2681,0,NA,NA,NA,NA,NA,NA,NA,NA,NA,NA,NA,NA,NA,NA,No,0
1944,2021-05-05,CA,CAA,California,39512223,Report,40691390,31670889,102984,80155,13905949,16640388,1120900,3652,19786567,50.1,29.6,19395153,63.3,31168791,101800,132902,5130266,87.9,9019303,154490,696995,11697179,11587479,37.8,16983600,21298290,2409500,0,5382033,6314303,1111452,843,5375459,6211180,1107526,840,2048843,1763888,115840,412,12808631,32.4,12695005,41.5,3928983,67.3,NA,NA,NA,NA,NA,NA,NA,NA,NA,NA,NA,NA,NA,NA,No,0
1944,2021-05-05,CO,COA,Colorado,5758736,Report,5658550,4649806,98260,80744,2084823,2414883,148877,1223,2739293,47.6,32.2,2685414,59.7,4575280,101691,125767,703568,83.5,1327940,157635,671708,1856608,1836037,40.8,2437000,2915250,306300,0,860160,996103,146948,345,859195,976501,146369,341,309281,292694,13267,151,2003556,34.8,1982406,44.1,615393,73.1,NA,NA,NA,NA,NA,NA,NA,NA,NA,NA,NA,NA,NA,NA,No,0
1944,2021-05-05,CT,CTA,Connecticut,3565287,Report,3998075,3361098,112139,94273,1368557,1864550,127727,264,2002749,56.2,37.6,1959823,69.1,3306046,116498,140884,572545,90.8,1088123,172651,634369,1339332,1328089,46.8,1625800,2142075,230200,0,569842,769432,127775,58,569570,758461,127667,58,202789,300373,12384,20,1467107,41.1,1455756,51.3,515566,81.8,NA,NA,NA,NA,NA,NA,NA,NA,NA,NA,NA,NA,NA,NA,No,0
1944,2021-05-05,DC,DCA,District of Columbia,705749,Report,895425,626082,126876,88712,245111,359948,20986,37,349238,49.5,28.3,346697,60,623475,107946,155030,68096,78,147977,169421,1025180,199617,198806,34.4,354500,494325,46600,0,81466,118120,24820,31,81456,117321,24805,29,29074,22154,1659,9,224437,31.8,223611,38.7,52896,60.6,NA,NA,NA,NA,NA,NA,NA,NA,NA,NA,NA,NA,NA,NA,No,0
1944,2021-05-05,DD2,DD2,Dept of Defense,0,Report,3859240,3017697,0,0,1337364,1605620,74314,399,1837605,0,0,1820058,0,2994637,0,0,164391,0,283957,0,0,1102224,1097064,0,1639600,2045940,173700,0,482476,619748,71399,0,482429,614635,71379,0,40044,70935,3285,0,1173623,0,1168443,0,114264,0,NA,NA,NA,NA,NA,NA,NA,NA,NA,NA,NA,NA,NA,NA,No,0
1944,2021-05-05,DE,DEA,Delaware,973764,Report,1022065,793383,104960,81476,320691,437170,35281,241,466826,47.9,31.2,460486,59.8,783969,101789,132703,167107,88.5,309251,163706,541044,304117,302209,39.2,437700,527865,56500,0,124827,179179,34589,111,124788,177310,34564,111,57453,76563,7052,72,338706,34.8,336773,43.7,141140,74.7,NA,NA,NA,NA,NA,NA,NA,NA,NA,NA,NA,NA,NA,NA,No,0
1944,2021-05-05,FL,FLA,Florida,21477737,Report,21493305,15721876,100072,73201,6831388,8298449,566215,25824,9184860,42.8,27.9,9096940,52.7,15610821,90509,124615,3807015,84.7,7241663,161021,477912,5993479,5971411,34.6,8911000,11134305,1448000,0,2687726,3297365,559590,8388,2687056,3275969,559317,8386,1584943,1427640,130797,6531,6553069,30.5,6530728,37.9,3149911,70,NA,NA,NA,NA,NA,NA,NA,NA,NA,NA,NA,NA,NA,NA,No,0
1944,2021-05-05,FM,FMA,Federated States of Micronesia,103643,Report,63200,35949,60979,34685,35588,0,361,0,21323,20.6,14.1,21306,26.4,35928,44442,78177,1876,10.6,3278,18605,358704,14615,14611,18.1,61600,0,1600,0,14588,27,361,0,14584,27,361,0,1414,5,64,0,14976,14.4,14972,18.5,1483,8.4,NA,NA,NA,NA,NA,NA,NA,NA,NA,NA,NA,NA,NA,NA,No,0
1944,2021-05-05,GA,GAA,Georgia,10617423,Report,9789055,6550721,92198,61698,2944035,3459634,146605,447,3785099,35.6,24.7,3733083,46,6475453,79810,120651,1163002,76.7,2202145,145169,645310,2618052,2594962,32,4152800,5106855,529400,0,1218085,1399708,143650,259,1217856,1376849,143440,257,546364,404743,18631,142,2761702,26,2738402,33.8,969880,63.9,NA,NA,NA,NA,NA,NA,NA,NA,NA,NA,NA,NA,NA,NA,No,0
1944,2021-05-05,GU,GUA,Guam,165768,Report,173470,134133,104646,80916,52799,79991,1343,0,77754,46.9,33.5,75547,58.4,130821,101177,134162,13799,49,25687,91150,615557,55585,54482,42.1,63700,98670,11100,0,21260,34325,1350,0,21256,33226,1350,0,5003,6724,110,0,56935,34.3,55832,43.2,11837,42,NA,NA,NA,NA,NA,NA,NA,NA,NA,NA,NA,NA,NA,NA,No,0
1944,2021-05-05,HI,HIA,Hawaii,1415872,Report,1524400,1264136,107665,89283,446155,702262,21959,93760,766182,54.1,35.4,753149,67.5,1249311,111945,136594,232868,86.7,415722,154861,567857,501577,499224,44.7,624900,826800,72700,0,182235,301271,22407,18071,182076,299094,22327,18054,76695,106073,4747,1409,523984,37,521551,46.7,188924,70.4,NA,NA,NA,NA,NA,NA,NA,NA,NA,NA,NA,NA,NA,NA,No,0
1944,2021-05-05,IA,IAA,Iowa,3155070,Report,2878415,2473624,91231,78402,1123195,1255401,94906,122,1415061,44.9,33.1,1396844,57.5,2447228,100782,118540,473408,85.6,909459,164473,520552,1044170,1036257,42.7,1253500,1458015,166900,0,502809,541308,93238,53,502740,533464,93188,53,236470,194744,7896,39,1137408,36.1,1129445,46.5,439149,79.4,NA,NA,NA,NA,NA,NA,NA,NA,NA,NA,NA,NA,NA,NA,No,0
1944,2021-05-05,ID,IDA,Idaho,1787065,Report,1455395,1108625,81441,62036,492775,583622,31696,532,617604,34.6,26.4,617488,46.1,1108584,82800,108704,223178,76.8,426070,146582,500704,471802,471772,35.2,615800,748995,90600,0,214885,256760,31557,157,214881,256734,31547,157,95889,101564,6826,68,503359,28.2,503319,37.6,204347,70.3,NA,NA,NA,NA,NA,NA,NA,NA,NA,NA,NA,NA,NA,NA,No,0
1944,2021-05-05,IH2,IH2,Indian Health Svc,2082813,Report,1685915,1267980,80944,60878,710949,537012,20019,0,723186,34.7,25.8,705025,0,1238246,0,0,145623,0,263885,0,0,537199,525699,0,906900,705315,73700,0,301685,235514,19863,0,301516,224183,19832,0,67481,47777,2113,0,557062,26.7,545531,0,117371,0,NA,NA,NA,NA,NA,NA,NA,NA,NA,NA,NA,NA,NA,NA,No,0
1944,2021-05-05,IL,ILA,Illinois,12671821,Report,12470715,9748918,98413,76934,4141709,5284342,317383,5484,6031482,47.6,29.3,5922156,60.1,9617634,97602,126556,1728491,84.6,3034074,148494,610343,3707687,3681411,37.4,5166900,6547515,756300,0,1620573,2085252,317867,1862,1618933,2060623,316555,1855,630281,670502,48069,1136,4025554,31.8,3997966,40.6,1349988,66.1,NA,NA,NA,NA,NA,NA,NA,NA,NA,NA,NA,NA,NA,NA,No,0
1944,2021-05-05,IN,INA,Indiana,6732219,Report,5642020,4311755,83806,64047,1791847,2371883,139290,8735,2485048,36.9,26.3,2455088,47.5,4270877,82701,109252,853742,78.6,1652033,152157,519646,1770861,1763117,34.1,2300500,2986620,354900,0,758820,1009177,137665,2864,758747,1001508,137585,2862,395145,374946,16683,1841,1908526,28.3,1900702,36.8,788615,72.6,NA,NA,NA,NA,NA,NA,NA,NA,NA,NA,NA,NA,NA,NA,No,0
1944,2021-05-05,KS,KSA,Kansas,2913314,Report,2775555,2070420,95271,71068,956138,1053612,60131,539,1255546,43.1,30.9,1239368,56,2049497,92609,125417,419855,88.3,738810,155380,583729,898919,891253,40.3,1238900,1390155,146500,0,424702,474052,60370,165,424629,466460,60333,164,170299,167373,11081,93,959289,32.9,951586,43,348846,73.4,NA,NA,NA,NA,NA,NA,NA,NA,NA,NA,NA,NA,NA,NA,No,0
1944,2021-05-05,KY,KYA,Kentucky,4467673,Report,4031725,3213684,90242,71932,1446670,1656206,110491,317,1860514,41.6,30.5,1839637,53.1,3183616,91885,116362,608129,81,1093910,145745,537159,1360773,1351992,39,1728000,2073825,229900,0,627161,733364,107770,248,627080,724665,107714,247,239701,261280,25887,154,1468543,32.9,1459706,42.1,527022,70.2,NA,NA,NA,NA,NA,NA,NA,NA,NA,NA,NA,NA,NA,NA,No,0
1944,2021-05-05,LA,LAA,Louisiana,4648794,Report,3704660,2733787,79691,58806,1272047,1368806,91958,976,1508346,32.4,25,1496877,42,2715921,76265,104029,552474,74.6,1067083,144002,499939,1164295,1158125,32.5,1599800,1877460,227400,0,546516,617291,88230,488,546413,611225,88158,487,240270,251431,15986,97,1252525,26.9,1246283,35,507784,68.5,NA,NA,NA,NA,NA,NA,NA,NA,NA,NA,NA,NA,NA,NA,No,0
1944,2021-05-05,MA,MAA,Massachusetts,6892503,Report,7814540,6495919,113377,94246,2768360,3508511,218946,102,4000616,58,35.9,3926718,70.9,6401680,115560,141064,1074214,91.9,1937634,165704,668291,2471432,2451027,44.2,3223100,4194840,396600,0,1086105,1385306,219734,21,1085138,1365868,219093,21,421119,443053,54458,11,2691166,39,2670120,48.2,918641,78.6,NA,NA,NA,NA,NA,NA,NA,NA,NA,NA,NA,NA,NA,NA,No,0
1944,2021-05-05,MD,MDA,Maryland,6045680,Report,6320050,5005250,104538,82791,2114193,2692580,195143,3334,3016656,49.9,33,2963152,62.9,4935782,104772,134155,817537,85.2,1486173,154907,658753,1996582,1981543,42.1,2589900,3387150,343000,0,874759,1120852,188826,971,874643,1105931,188729,969,354143,327056,40269,397,2185408,36.1,2170272,46.1,721865,75.2,NA,NA,NA,NA,NA,NA,NA,NA,NA,NA,NA,NA,NA,NA,No,0
1944,2021-05-05,ME,MEA,Maine,1344212,Report,1450130,1234253,107880,91820,544706,612775,76608,164,754763,56.1,36.3,744883,68,1222909,111643,132387,259960,91.1,479934,168241,508345,487928,486445,44.4,639100,720330,90700,0,225705,262169,76479,54,225678,260718,76449,49,109680,112526,18155,14,564407,42,562894,51.4,240375,84.3,NA,NA,NA,NA,NA,NA,NA,NA,NA,NA,NA,NA,NA,NA,No,0
1944,2021-05-05,MH,MHA,Marshall Islands,58413,Report,51300,27154,87823,46486,27119,0,35,0,14827,25.4,21.1,14786,32.5,27100,59479,112594,920,9.3,1690,17019,516616,12297,12282,27,40500,0,10800,0,12293,4,39,0,12278,4,39,0,770,0,3,0,12336,21.1,12321,27,773,7.8,NA,NA,NA,NA,NA,NA,NA,NA,NA,NA,NA,NA,NA,NA,No,0
1944,2021-05-05,MI,MIA,Michigan,9986857,Report,9903340,7373940,99164,73836,3179193,3955757,237726,1264,4339865,43.5,31.2,4272567,54.5,7283921,92873,126271,1411598,80,2609670,147823,560968,3116792,3092785,39.4,4142500,5177640,583200,0,1391210,1725056,242208,526,1390977,1701284,242088,524,641857,582761,46878,358,3359000,33.6,3334873,42.5,1271854,72,NA,NA,NA,NA,NA,NA,NA,NA,NA,NA,NA,NA,NA,NA,No,0
1944,2021-05-05,MN,MNA,Minnesota,5639632,Report,5257750,4535336,93229,80419,1914659,2421288,199150,239,2720057,48.2,32.6,2671467,61.6,4473290,103155,121245,808594,87.9,1491663,162070,571257,1836460,1822708,42,2176900,2798250,282600,0,819353,1017047,201393,60,819204,1003444,201264,60,312652,386164,38292,25,2037853,36.1,2023972,46.7,737133,80.1,NA,NA,NA,NA,NA,NA,NA,NA,NA,NA,NA,NA,NA,NA,No,0
1944,2021-05-05,MO,MOA,Missouri,6137428,Report,5388885,4118674,87804,67107,1624200,2370189,123931,354,2351601,38.3,26.8,2325519,48.8,4081453,85622,113049,809943,76.3,1520615,143179,507410,1647858,1639342,34.4,2235700,2867085,286100,0,680746,967056,124610,56,680603,958684,124498,55,317902,353120,25341,24,1772468,28.9,1763840,37,696387,65.6,NA,NA,NA,NA,NA,NA,NA,NA,NA,NA,NA,NA,NA,NA,No,0
1944,2021-05-05,MP,MPA,Northern Mariana Islands,56882,Report,72330,41640,127158,73204,5480,36112,48,0,22745,40,33.2,22172,50,40761,91870,163023,2468,25.5,4727,48883,747983,18894,18588,41.9,20200,49530,2600,0,2268,16626,52,0,2268,16320,52,0,346,1911,41,0,18946,33.3,18640,42,2298,23.8,NA,NA,NA,NA,NA,NA,NA,NA,NA,NA,NA,NA,NA,NA,No,0
1944,2021-05-05,MS,MSA,Mississippi,2976149,Report,2473465,1625364,83110,54613,782480,796113,45911,860,939012,31.6,23,933008,41,1616512,70975,108601,354351,72.8,639189,131333,508219,684050,681160,29.9,1100600,1218165,154700,0,342100,341924,44898,26,342022,339112,44861,26,161048,128916,12256,9,728948,24.5,726021,31.9,302229,62.1,NA,NA,NA,NA,NA,NA,NA,NA,NA,NA,NA,NA,NA,NA,No,0
1944,2021-05-05,MT,MTA,Montana,1068778,Report,1006885,777944,94209,72788,368286,386435,23020,203,442048,41.4,31.2,436324,51.9,769063,91534,119840,161676,78.3,299796,145224,487744,333076,329984,39.3,451100,491985,63800,0,163401,169613,22596,62,163342,166580,22581,62,70269,68867,5429,36,355672,33.3,352565,42,144601,70,NA,NA,NA,NA,NA,NA,NA,NA,NA,NA,NA,NA,NA,NA,No,0
1944,2021-05-05,NC,NCA,North Carolina,10488084,Report,10109510,7266480,96390,69283,3018537,4004054,243560,329,4184155,39.9,28.6,4121201,50.3,7175377,87640,123477,1354812,77.4,2572432,146904,577325,3002685,2975000,36.3,4162500,5369910,577100,0,1268924,1733727,239955,34,1267740,1707226,239109,34,563011,606710,25968,25,3242640,30.9,3214109,39.3,1195714,68.3,NA,NA,NA,NA,NA,NA,NA,NA,NA,NA,NA,NA,NA,NA,No,0
1944,2021-05-05,ND,NDA,North Dakota,762062,Report,649500,569428,85229,74722,250531,296809,22088,0,301577,39.6,30.8,297897,51.2,563002,96754,111619,97327,81.2,187999,156868,541950,234688,232524,40,295900,319800,33800,0,107795,126892,19493,1,107702,124821,19421,1,42255,40288,2818,0,254181,33.4,251945,43.3,85361,71.2,NA,NA,NA,NA,NA,NA,NA,NA,NA,NA,NA,NA,NA,NA,No,0
1944,2021-05-05,NE,NEA,Nebraska,1934408,Report,1817950,1470513,93980,76019,615811,798995,53158,2549,847351,43.8,31.9,834238,57.2,1453030,99636,124659,263082,84.2,505448,161765,581822,617788,613303,42.1,745800,973050,99100,0,266111,350930,53382,747,266051,346507,53352,745,116380,118650,3882,535,671170,34.7,666655,45.7,239447,76.6,NA,NA,NA,NA,NA,NA,NA,NA,NA,NA,NA,NA,NA,NA,No,0
1944,2021-05-05,NH,NHA,New Hampshire,1359711,Report,1364485,1159614,100351,85284,497191,609720,52676,27,831667,61.2,26.3,822464,74.5,1149037,104036,123543,291408,99.9,451561,177875,537487,357850,356819,32.3,582900,679185,102400,0,181239,176596,53650,15,181093,175711,53627,15,82802,88943,12304,10,411500,30.3,410446,37.2,184059,72.5,NA,NA,NA,NA,NA,NA,NA,NA,NA,NA,NA,NA,NA,NA,No,0
1944,2021-05-05,NJ,NJA,New Jersey,8882190,Report,9119785,7600716,102675,85573,3284428,4029417,286396,475,4692648,52.8,35.1,4619798,66.5,7504009,108071,131341,1273891,86.3,2237127,151615,618066,3120386,3095587,44.6,3818200,4785885,515700,0,1366246,1754114,288649,26,1366054,1729510,288535,23,505303,504840,66263,13,3409035,38.4,3384122,48.7,1076419,73,NA,NA,NA,NA,NA,NA,NA,NA,NA,NA,NA,NA,NA,NA,No,0
1944,2021-05-05,NM,NMA,New Mexico,2096829,Report,2088935,1860755,99624,88741,834306,976547,47593,2309,1089796,52,37,1068380,65.9,1833723,113124,128868,329891,87.4,591438,156628,553205,776509,769006,47.4,898700,1063335,126900,0,344351,431504,46755,654,344166,424186,46675,654,127491,138304,12790,396,823264,39.3,815681,50.3,278981,73.9,NA,NA,NA,NA,NA,NA,NA,NA,NA,NA,NA,NA,NA,NA,No,0
1944,2021-05-05,NV,NVA,Nevada,3080156,Report,2585160,2122615,83930,68913,891022,1156443,75150,0,1243235,40.4,27,1227782,51.4,2101882,88036,108278,382440,77.1,713063,143771,521231,832418,827348,34.7,1085600,1343160,156400,0,362194,470219,74251,5,362151,465192,74231,5,156663,155471,15078,4,906669,29.4,901579,37.8,327216,66,NA,NA,NA,NA,NA,NA,NA,NA,NA,NA,NA,NA,NA,NA,No,0
1944,2021-05-05,NY,NYA,New York State,19453561,Report,19545765,16353467,100474,84064,6978289,8754831,617293,3054,9520974,48.9,33.9,9390101,60.9,16178091,104880,126713,2625909,79.7,4796089,145506,592988,6587400,6542677,42.4,8223900,10254465,1067400,0,2918274,3668505,602969,621,2917775,3624290,602656,612,1101132,1043308,122551,349,7190369,37,7145333,46.3,2267340,68.8,NA,NA,NA,NA,NA,NA,NA,NA,NA,NA,NA,NA,NA,NA,No,0
1944,2021-05-05,OH,OHA,Ohio,11689100,Report,10793175,8622766,92335,73768,3698642,4612514,303589,8021,4800092,41.1,31.2,4730475,51.9,8517522,93485,118462,1624820,79.4,3099706,151477,527443,3650552,3616906,39.7,4504500,5710575,578100,0,1606949,2041231,293053,2372,1606783,2007760,292947,2363,681959,742554,60509,1389,3943605,33.7,3909853,42.9,1486411,72.6,NA,NA,NA,NA,NA,NA,NA,NA,NA,NA,NA,NA,NA,NA,No,0
1944,2021-05-05,OK,OKA,Oklahoma,3956971,Report,3788445,2736824,95741,69165,1277055,1387736,71997,36,1542386,39,28.8,1523854,50.7,2706229,90066,126083,509082,80.2,935305,147262,596482,1138053,1126654,37.5,1646900,1940445,201100,0,542588,595443,71147,22,542454,584178,71107,22,226154,190183,12927,6,1209200,30.6,1197761,39.9,429270,67.6,NA,NA,NA,NA,NA,NA,NA,NA,NA,NA,NA,NA,NA,NA,No,0
1944,2021-05-05,OR,ORA,Oregon,4217737,Report,4136195,3207617,98067,76051,1383529,1721580,100864,1644,1947073,46.2,30.2,1916301,57.2,3169030,94565,123425,616899,80.5,1132889,147881,539917,1273314,1265191,37.8,1769300,2113995,252900,0,572083,700943,99753,288,571558,693347,99445,286,254339,268183,33120,154,1373067,32.6,1364636,40.7,555796,72.6,NA,NA,NA,NA,NA,NA,NA,NA,NA,NA,NA,NA,NA,NA,No,0
1944,2021-05-05,PA,PAA,Pennsylvania,12801989,Report,13140145,10531067,102641,82261,4516863,5652308,361626,270,6550777,51.2,31.2,6472829,63.7,10436166,102644,129238,2247560,93.9,3901910,163030,549025,3997080,3979312,39.1,5536400,6678945,924800,0,1743686,2253181,366701,213,1743154,2235949,366531,209,794103,848041,50949,120,4363781,34.1,4345843,42.7,1693213,70.7,NA,NA,NA,NA,NA,NA,NA,NA,NA,NA,NA,NA,NA,NA,No,0
1944,2021-05-05,PR,PRA,Puerto Rico,3193694,Report,3330200,2006360,104274,62823,806919,1129695,69468,278,1261208,39.5,23.9,1244617,47.5,1988743,75878,127060,397555,73.2,704342,129730,613378,764047,762501,29.1,1437900,1704300,188000,0,301839,462190,69552,18,301792,460691,69471,18,149021,161463,11516,3,833599,26.1,831972,31.7,322003,59.3,NA,NA,NA,NA,NA,NA,NA,NA,NA,NA,NA,NA,NA,NA,No,0
1944,2021-05-05,RI,RIA,Rhode Island,1059361,Report,1184075,951345,111773,89804,400440,512302,38576,27,569788,53.8,35.2,561057,65.6,940638,110033,138510,171177,91.5,323584,172997,633039,373318,371547,43.5,497400,628875,57800,0,165218,208094,38363,6,165200,206341,38349,6,72447,79041,4940,2,411681,38.9,409896,47.9,156430,83.6,NA,NA,NA,NA,NA,NA,NA,NA,NA,NA,NA,NA,NA,NA,No,0
1944,2021-05-05,RP,RPA,Republic of Palau,17907,Report,24600,20458,137376,114246,19275,1,1182,0,12808,71.5,43.7,12808,91.7,20458,146474,176129,1601,52.6,2911,95631,808147,7828,7828,56,20800,0,3800,0,7810,18,1182,0,7810,18,1182,0,1343,8,143,0,9010,50.3,9010,64.5,1494,49.1,NA,NA,NA,NA,NA,NA,NA,NA,NA,NA,NA,NA,NA,NA,No,0
1944,2021-05-05,SC,SCA,South Carolina,5148714,Report,4645405,3329233,90225,64661,1346336,1880647,101193,1057,1911054,37.1,26.6,1889765,46.8,3298370,81693,115056,753026,80.4,1378489,147114,495762,1370768,1361286,33.7,1938300,2433405,273700,0,547561,823000,98631,207,547146,813933,98416,207,268275,353153,18749,141,1469399,28.5,1459702,36.2,640318,68.3,NA,NA,NA,NA,NA,NA,NA,NA,NA,NA,NA,NA,NA,NA,No,0
1944,2021-05-05,SD,SDA,South Dakota,884659,Report,904995,716196,102299,80957,327599,369276,19308,13,399483,45.2,36.1,394325,59.1,708262,106097,135568,134837,88.8,253068,166634,595897,319267,316454,47.4,412600,436995,55400,0,150050,169208,19442,9,150015,166430,19435,9,64280,57051,2723,5,338709,38.3,335889,50.3,124059,81.7,NA,NA,NA,NA,NA,NA,NA,NA,NA,NA,NA,NA,NA,NA,No,0
1944,2021-05-05,TN,TNA,Tennessee,6829174,Report,5574800,4150612,81632,60778,1807778,2224650,112086,6098,2385694,34.9,24.2,2362274,44.4,4116852,77397,104807,842691,73.7,1574646,137717,487566,1654701,1644913,30.9,2380100,2854800,339900,0,743697,909212,109266,1792,743537,899586,109141,1790,363384,323206,19993,1135,1763967,25.8,1754054,33,707718,61.9,NA,NA,NA,NA,NA,NA,NA,NA,NA,NA,NA,NA,NA,NA,No,0
1944,2021-05-05,TX,TXA,Texas,28995881,Report,26975255,19519836,93031,67319,8556071,10287334,675671,760,11306814,39,26.2,11141826,51.6,19241170,89096,124908,2944295,78.8,5397115,144531,722378,7587756,7477036,34.6,11136300,14143155,1695800,0,3458123,4127206,661708,606,3407662,4066982,652052,597,1069252,1276132,204600,187,8247643,28.4,8127294,37.6,2550172,68.3,NA,NA,NA,NA,NA,NA,NA,NA,NA,NA,NA,NA,NA,NA,No,0
1944,2021-05-05,UT,UTA,Utah,3205958,Report,2650780,2225385,82683,69414,968302,1169923,87160,0,1298408,40.5,22.8,1265818,55.6,2180883,95873,116529,307897,84.2,575459,157284,724510,731955,720808,31.7,1174600,1326780,149400,0,326366,405588,83997,1,326237,394570,83901,1,90825,105257,10565,0,815952,25.5,804709,35.4,206647,56.5,NA,NA,NA,NA,NA,NA,NA,NA,NA,NA,NA,NA,NA,NA,No,0
1944,2021-05-05,VA,VAA,Virginia,8535519,Report,8472005,6947022,99256,81390,2883370,3834642,227132,1878,4129315,48.4,32.4,4051199,60.7,6844398,102543,126928,1142151,84,2087491,153616,623443,2764163,2739907,41,3490600,4523805,457600,0,1199668,1563908,225698,587,1198201,1541121,225023,585,473425,460662,49077,372,2989861,35,2964930,44.4,983536,72.4,NA,NA,NA,NA,NA,NA,NA,NA,NA,NA,NA,NA,NA,NA,No,0
1944,2021-05-05,VA2,VA2,Veterans Health,0,Report,6237435,4995001,0,0,2611996,2262963,120040,2,2696390,0,0,2695928,0,4994386,0,0,1437773,0,2740044,0,0,2296508,2296356,0,2984700,2732535,520200,0,1224736,1071771,119969,1,1224710,1071645,119951,1,751136,550599,41525,1,2416477,0,2416307,0,1343261,0,NA,NA,NA,NA,NA,NA,NA,NA,NA,NA,NA,NA,NA,NA,No,0
1944,2021-05-05,VI,VIA,Virgin Islands,104680,Report,66180,63661,63221,60815,20930,42341,390,0,34148,32.6,25.6,33767,41.4,62994,77151,81053,11357,63.8,20884,117352,371881,26804,26572,32.5,21700,43680,800,0,9208,17596,409,0,9199,17373,407,0,3996,5397,168,0,27213,26,26979,33,9561,53.7,NA,NA,NA,NA,NA,NA,NA,NA,NA,NA,NA,NA,NA,NA,No,0
1944,2021-05-05,VT,VTA,Vermont,623989,Report,717650,599965,115010,96150,264912,307532,26989,532,364642,58.4,35.9,360300,70.6,594540,116580,140720,119680,95.7,231567,185196,573941,224160,223174,43.8,315800,356850,45000,0,100681,123298,26538,181,100662,122331,26519,181,52486,53511,769,120,250698,40.2,249693,49,106886,85.5,NA,NA,NA,NA,NA,NA,NA,NA,NA,NA,NA,NA,NA,NA,No,0
1944,2021-05-05,WA,WAA,Washington,7614893,Report,7647410,6099153,100427,80095,2610740,3279819,204878,3716,3656965,48,31.4,3603362,60.5,6031535,101339,128488,1036416,85.7,1958773,161919,632162,2392842,2379381,40,3203200,4016610,427600,0,1063826,1328080,204920,936,1063635,1314811,204805,935,434313,468018,37933,614,2597762,34.1,2584186,43.4,940878,77.8,NA,NA,NA,NA,NA,NA,NA,NA,NA,NA,NA,NA,NA,NA,No,0
1944,2021-05-05,WI,WIA,Wisconsin,5822434,Report,5462795,4786435,93823,82207,2051412,2557619,176923,481,2701279,46.4,34,2659730,58.4,4725162,103717,119908,883426,86.8,1733080,170370,537020,1981150,1963753,43.1,2361100,2812095,289600,0,871363,1109577,170347,210,871208,1092338,170257,207,403442,402918,17221,85,2151497,37,2134010,46.8,823666,81,NA,NA,NA,NA,NA,NA,NA,NA,NA,NA,NA,NA,NA,NA,No,0
1944,2021-05-05,WV,WVA,West Virginia,1792147,Report,1665175,1189041,92915,66347,574283,595330,19428,0,645399,36,29.9,636053,44.4,1173787,81935,116236,259764,70.8,492753,134261,453713,535669,530188,37,763900,800475,100800,0,261122,274472,20417,75,260998,269115,20392,75,121963,110386,3375,43,556086,31,550580,38.4,235767,64.2,NA,NA,NA,NA,NA,NA,NA,NA,NA,NA,NA,NA,NA,NA,No,0
1944,2021-05-05,WY,WYA,Wyoming,578759,Report,485195,363149,83834,62746,176636,174643,11670,200,198821,34.4,26.7,197050,44.3,360371,80978,109026,72883,73.5,137852,138993,489211,154347,153449,34.5,234800,218595,31800,0,75951,78359,10983,37,75942,77470,10979,37,34616,30119,1803,15,165330,28.6,164428,36.9,66553,67.1,NA,NA,NA,NA,NA,NA,NA,NA,NA,NA,NA,NA,NA,NA,No,0
1944,2021-05-05,LTC,LTC,Long Term Care,NA,NA,NA,7804017,NA,NA,NA,NA,NA,NA,NA,0,0,NA,NA,NA,NA,NA,NA,NA,NA,NA,NA,NA,NA,NA,NA,NA,NA,NA,NA,NA,NA,NA,NA,NA,NA,NA,NA,NA,NA,NA,0,NA,NA,NA,NA,NA,0,0,0,0,NA,NA,NA,NA,NA,NA,NA,NA,NA,NA,No,0
1943,2021-05-04,US,USA,United States,331996199,Report,318474035,247769049,95927,74630,107477821,131657484,8449067,184677,147894671,44.5,29.5,145701541,56.4,244816355,94842,123377,45339719,82.9,82916221,151592,582252,97792513,97040954,37.6,133760900,165920235,18792900,0,43793335,53951349,8377861,46043,43724661,53268585,8356447,45948,18413391,18233055,1536572,19277,106168588,32,105395641,40.8,38202296,69.8,NA,NA,NA,NA,NA,NA,NA,NA,NA,NA,NA,NA,NA,NA,No,0
1943,2021-05-04,AK,AKA,Alaska,731545,Report,772405,563184,105585,76986,251926,296274,14907,77,308846,42.2,34.2,301403,54.6,550248,99762,140040,71543,78.1,134853,147239,843347,249927,244456,44.3,333300,385905,53200,0,114627,135281,13827,19,114368,130069,13764,19,38206,26796,1563,10,263754,36.1,258220,46.8,66575,72.7,NA,NA,NA,NA,NA,NA,NA,NA,NA,NA,NA,NA,NA,NA,No,0
1943,2021-05-04,AL,ALA,Alabama,4903185,Report,4145390,2644674,84545,53938,1264353,1304895,75426,0,1609919,32.8,22.5,1599359,41.9,2630522,68954,108664,621096,73.1,1080809,127178,487786,1102606,1098759,28.8,1827400,2067390,250600,0,527340,575207,77187,59,527244,571456,77152,59,266659,214278,23660,39,1179793,24.1,1175911,30.8,504636,59.4,NA,NA,NA,NA,NA,NA,NA,NA,NA,NA,NA,NA,NA,NA,No,0
1943,2021-05-04,AR,ARA,Arkansas,3017804,Report,2645650,1834452,87668,60788,864803,913193,56002,454,1085254,36,24.6,1070997,46.2,1814375,78285,114152,385154,73.5,688285,131382,505009,741097,735184,31.7,1168800,1316250,160600,0,361475,379514,54695,108,361214,373864,54434,106,178563,122652,8820,73,795792,26.4,789618,34.1,310108,59.2,NA,NA,NA,NA,NA,NA,NA,NA,NA,NA,NA,NA,NA,NA,No,0
1943,2021-05-04,AS,ASA,American Samoa,55689,Report,54030,39125,97021,70256,8805,30298,22,0,21904,39.3,31.1,21144,48.7,37815,87057,124387,2466,26,4573,48305,570719,17324,16777,38.6,15600,37830,600,0,3851,13473,29,0,3841,12936,29,0,874,1297,6,0,17353,31.2,16806,38.7,2177,23,NA,NA,NA,NA,NA,NA,NA,NA,NA,NA,NA,NA,NA,NA,No,0
1943,2021-05-04,AZ,AZA,Arizona,7278717,Report,6918625,5193862,95053,71357,2274006,2777430,139306,3120,3009821,41.4,28.1,2964712,52.6,5121843,90837,122704,1039949,79.5,1935049,147868,528691,2048657,2024256,35.9,2957300,3567525,393800,0,894007,1153622,134438,1028,893847,1129382,134350,1027,414154,404791,25680,673,2183095,30,2158606,38.3,845298,64.6,NA,NA,NA,NA,NA,NA,NA,NA,NA,NA,NA,NA,NA,NA,No,0
1943,2021-05-04,BP2,BP2,Bureau of Prisons,0,Report,168940,154102,0,0,59996,91318,2788,0,87107,0,0,87106,0,154101,0,0,3033,0,5699,0,0,66255,66255,0,65700,95940,7300,0,25026,41229,2774,0,25026,41229,2774,0,1281,1352,41,0,69029,0,69029,0,2674,0,NA,NA,NA,NA,NA,NA,NA,NA,NA,NA,NA,NA,NA,NA,No,0
1943,2021-05-04,CA,CAA,California,39512223,Report,40533720,31468937,102585,79644,13830580,16518449,1116334,3574,19712296,49.9,29.3,19325672,63.1,30976425,101172,132387,5124925,87.8,9005563,154255,694295,11569310,11464428,37.4,16954500,21180120,2399100,0,5330587,6237909,1106863,814,5324177,6139439,1102955,812,2044556,1760020,115296,399,12676173,32.1,12567383,41,3920271,67.1,NA,NA,NA,NA,NA,NA,NA,NA,NA,NA,NA,NA,NA,NA,No,0
1943,2021-05-04,CO,COA,Colorado,5758736,Report,5598750,4602145,97222,79916,2067551,2385589,147793,1212,2722484,47.3,31.7,2669964,59.3,4529994,100684,124438,702305,83.4,1324741,157256,664609,1826593,1807031,40.2,2391900,2903550,303300,0,848640,977609,145883,344,847731,958960,145308,340,308452,291742,13148,151,1972476,34.3,1952339,43.4,613493,72.8,NA,NA,NA,NA,NA,NA,NA,NA,NA,NA,NA,NA,NA,NA,No,0
1943,2021-05-04,CT,CTA,Connecticut,3565287,Report,3955085,3336074,110933,93571,1360576,1848674,126565,259,1995763,56,37.1,1953176,68.8,3282301,115662,139369,571781,90.7,1086164,172340,627548,1321155,1310836,46.2,1614500,2110485,230100,0,564186,756911,126621,58,563914,746864,126513,58,202334,299668,12165,20,1447776,40.6,1437349,50.6,514187,81.6,NA,NA,NA,NA,NA,NA,NA,NA,NA,NA,NA,NA,NA,NA,No,0
1943,2021-05-04,DC,DCA,District of Columbia,705749,Report,875555,621149,124060,88013,242573,357619,20920,37,347171,49.2,27.8,344663,59.7,618574,107097,151590,67976,77.8,147682,169083,1002430,196166,195379,33.8,347700,481455,46400,0,79839,116296,24721,31,79829,115521,24706,29,28960,22094,1648,9,220887,31.3,220085,38.1,52711,60.3,NA,NA,NA,NA,NA,NA,NA,NA,NA,NA,NA,NA,NA,NA,No,0
1943,2021-05-04,DD2,DD2,Dept of Defense,0,Report,3821940,2993261,0,0,1328767,1592543,71552,399,1826465,0,0,1809163,0,2970685,0,0,164006,0,283104,0,0,1089085,1084162,0,1602300,2045940,173700,0,477333,611752,68637,0,477288,606874,68617,0,39849,70656,3221,0,1157722,0,1152779,0,113726,0,NA,NA,NA,NA,NA,NA,NA,NA,NA,NA,NA,NA,NA,NA,No,0
1943,2021-05-04,DE,DEA,Delaware,973764,Report,1011365,787056,103861,80826,319365,433188,34265,238,464102,47.7,30.9,457918,59.5,777972,101010,131313,166777,88.3,308539,163329,535380,300415,298663,38.8,427000,527865,56500,0,123974,176333,33586,108,123939,174616,33562,108,57332,76291,6909,71,334001,34.3,332225,43.1,140603,74.4,NA,NA,NA,NA,NA,NA,NA,NA,NA,NA,NA,NA,NA,NA,No,0
1943,2021-05-04,FL,FLA,Florida,21477737,Report,21184875,15606003,98636,72661,6789833,8229842,561071,25257,9138942,42.6,27.6,9052175,52.5,15498198,89856,122826,3800518,84.5,7225934,160671,471054,5926754,5906765,34.2,8774000,10995075,1415800,0,2663863,3254689,554521,8202,2663205,3235359,554250,8201,1580664,1424238,130101,6416,6481275,30.2,6461015,37.5,3141419,69.9,NA,NA,NA,NA,NA,NA,NA,NA,NA,NA,NA,NA,NA,NA,No,0
1943,2021-05-04,FM,FMA,Federated States of Micronesia,103643,Report,63200,35663,60979,34409,35352,0,311,0,21130,20.4,14,21113,26.1,35642,44088,78177,1864,10.6,3264,18525,358704,14518,14514,18,61600,0,1600,0,14492,26,311,0,14488,26,311,0,1412,5,54,0,14829,14.3,14825,18.3,1471,8.3,NA,NA,NA,NA,NA,NA,NA,NA,NA,NA,NA,NA,NA,NA,No,0
1943,2021-05-04,GA,GAA,Georgia,10617423,Report,9721415,6503909,91561,61257,2927519,3430573,145378,439,3769478,35.5,24.4,3718010,45.8,6430104,79252,119817,1161323,76.6,2196990,144829,640851,2587713,2565538,31.6,4089400,5104515,527500,0,1207769,1379691,142421,253,1207542,1357745,142211,251,544878,403158,18490,141,2730134,25.7,2707749,33.4,966667,63.7,NA,NA,NA,NA,NA,NA,NA,NA,NA,NA,NA,NA,NA,NA,No,0
1943,2021-05-04,GU,GUA,Guam,165768,Report,140740,134018,84902,80847,52712,79983,1323,0,77693,46.9,33.5,75486,58.4,130706,101088,108848,13798,49,25685,91143,499414,55533,54430,42.1,53200,76440,11100,0,21211,34322,1329,0,21207,33223,1329,0,5002,6724,110,0,56862,34.3,55759,43.1,11836,42,NA,NA,NA,NA,NA,NA,NA,NA,NA,NA,NA,NA,NA,NA,No,0
1943,2021-05-04,HI,HIA,Hawaii,1415872,Report,1514400,1259768,106959,88975,443809,700422,21777,93760,763392,53.9,35.3,750405,67.2,1245034,111562,135698,232520,86.6,415159,154652,564132,499930,497626,44.6,615000,826800,72600,0,181788,300071,22226,18071,181629,297943,22146,18054,76614,105937,4714,1409,522156,36.9,519772,46.6,188674,70.3,NA,NA,NA,NA,NA,NA,NA,NA,NA,NA,NA,NA,NA,NA,No,0
1943,2021-05-04,IA,IAA,Iowa,3155070,Report,2856615,2461590,90540,78020,1118841,1248410,94217,122,1411697,44.7,32.8,1393651,57.4,2435786,100311,117642,473014,85.5,908202,164245,516610,1036054,1028551,42.4,1231900,1458015,166700,0,499705,536298,92614,51,499640,528860,92569,51,235985,194506,7786,39,1128668,35.8,1121120,46.2,438316,79.3,NA,NA,NA,NA,NA,NA,NA,NA,NA,NA,NA,NA,NA,NA,No,0
1943,2021-05-04,ID,IDA,Idaho,1787065,Report,1453795,1102927,81351,61717,490645,580274,31485,523,614283,34.4,26.3,614168,45.9,1102886,82375,108584,222765,76.6,425324,146325,500153,469528,469500,35.1,614600,748995,90200,0,213459,255915,31354,154,213455,255891,31344,154,95668,101480,6789,67,500882,28,500844,37.4,204004,70.2,NA,NA,NA,NA,NA,NA,NA,NA,NA,NA,NA,NA,NA,NA,No,0
1943,2021-05-04,IH2,IH2,Indian Health Svc,2082813,Report,1683715,1264250,80839,60699,709262,535018,19970,0,721957,34.7,25.7,703892,0,1234739,0,0,145479,0,263476,0,0,534712,523339,0,904700,705315,73700,0,300518,234194,19814,0,300350,222989,19783,0,67344,47653,2105,0,554526,26.6,543122,0,117102,0,NA,NA,NA,NA,NA,NA,NA,NA,NA,NA,NA,NA,NA,NA,No,0
1943,2021-05-04,IL,ILA,Illinois,12671821,Report,12360865,9705012,97546,76587,4126550,5257073,316030,5359,6012435,47.4,29.1,5904688,59.9,9576183,97181,125441,1726361,84.5,3029045,148248,604966,3681578,3656336,37.1,5099000,6518265,743600,0,1612260,2067504,316496,1814,1610654,2043875,315193,1807,629091,668934,47795,1114,3998074,31.6,3971529,40.3,1346934,65.9,NA,NA,NA,NA,NA,NA,NA,NA,NA,NA,NA,NA,NA,NA,No,0
1943,2021-05-04,IN,INA,Indiana,6732219,Report,5610540,4277886,83339,63543,1780996,2349891,138491,8508,2473686,36.7,26,2444387,47.3,4238421,82072,108642,852532,78.5,1648493,151831,516747,1749818,1742725,33.7,2286500,2970240,353800,0,751022,996014,136885,2782,750950,988995,136805,2780,394106,373962,16523,1797,1886703,28,1879530,36.4,786388,72.4,NA,NA,NA,NA,NA,NA,NA,NA,NA,NA,NA,NA,NA,NA,No,0
1943,2021-05-04,KS,KSA,Kansas,2913314,Report,2765345,2059674,94921,70699,952616,1046824,59695,539,1252195,43,30.6,1236173,55.9,2039184,92143,124955,419416,88.2,737562,155117,581582,891572,884209,40,1232700,1386645,146000,0,422528,468879,59976,165,422455,461590,59940,164,170029,166972,11001,93,951548,32.7,944149,42.7,348095,73.2,NA,NA,NA,NA,NA,NA,NA,NA,NA,NA,NA,NA,NA,NA,No,0
1943,2021-05-04,KY,KYA,Kentucky,4467673,Report,4023755,3196561,90064,71549,1440953,1645498,109796,314,1855240,41.5,30.2,1834623,53,3167369,91416,116132,607347,80.9,1091589,145436,536098,1349245,1341084,38.7,1721600,2072655,229500,0,623508,725493,107098,244,623428,717413,107044,243,239028,260492,25738,152,1456343,32.6,1448128,41.8,525410,70,NA,NA,NA,NA,NA,NA,NA,NA,NA,NA,NA,NA,NA,NA,No,0
1943,2021-05-04,LA,LAA,Louisiana,4648794,Report,3687450,2733324,79321,58796,1271895,1368495,91958,976,1508110,32.4,25,1496643,42,2715459,76252,103546,552459,74.6,1067047,143997,497617,1163933,1157763,32.5,1586600,1873950,226900,0,546417,617028,88223,488,546314,610962,88151,487,240257,251419,15986,97,1252156,26.9,1245914,35,507759,68.5,NA,NA,NA,NA,NA,NA,NA,NA,NA,NA,NA,NA,NA,NA,No,0
1943,2021-05-04,MA,MAA,Massachusetts,6892503,Report,7792680,6438914,113060,93419,2748177,3472789,217851,97,3977645,57.7,35.4,3904832,70.5,6346585,114565,140670,1072898,91.8,1934412,165429,666422,2437357,2417789,43.6,3211300,4185480,395900,0,1076079,1361259,218608,19,1075148,1342622,217969,19,420383,441868,54270,11,2655965,38.5,2635758,47.6,916532,78.4,NA,NA,NA,NA,NA,NA,NA,NA,NA,NA,NA,NA,NA,NA,No,0
1943,2021-05-04,MD,MDA,Maryland,6045680,Report,6251320,4946283,103401,81815,2095233,2654578,193213,3259,2995467,49.5,32.4,2943415,62.5,4879636,103580,132696,815572,85,1481132,154382,651589,1960415,1946719,41.3,2533800,3376620,340900,0,863344,1096122,187000,949,863232,1082540,186903,947,352789,325566,39949,389,2147415,35.5,2133622,45.3,718693,74.9,NA,NA,NA,NA,NA,NA,NA,NA,NA,NA,NA,NA,NA,NA,No,0
1943,2021-05-04,ME,MEA,Maine,1344212,Report,1430130,1224746,106392,91113,540229,609408,74953,156,750419,55.8,35.9,740641,67.6,1213575,110791,130561,259507,91,479075,167940,501334,482747,481336,43.9,619200,720330,90600,0,223029,259668,74832,50,223002,258289,74802,45,109351,112457,17967,14,557579,41.5,556138,50.8,239789,84.1,NA,NA,NA,NA,NA,NA,NA,NA,NA,NA,NA,NA,NA,NA,No,0
1943,2021-05-04,MH,MHA,Marshall Islands,58413,Report,51300,27154,87823,46486,27119,0,35,0,14827,25.4,21.1,14786,32.5,27100,59479,112594,920,9.3,1690,17019,516616,12297,12282,27,40500,0,10800,0,12293,4,39,0,12278,4,39,0,770,0,3,0,12336,21.1,12321,27,773,7.8,NA,NA,NA,NA,NA,NA,NA,NA,NA,NA,NA,NA,NA,NA,No,0
1943,2021-05-04,MI,MIA,Michigan,9986857,Report,9879700,7325604,98927,73352,3164131,3924484,235733,1256,4322662,43.3,30.9,4256059,54.3,7237799,92284,125970,1409108,79.8,2604063,147505,559629,3085661,3063177,39.1,4133700,5175300,570700,0,1383230,1701913,240201,518,1383003,1679658,240081,516,640531,581138,46481,354,3325862,33.3,3303258,42.1,1268504,71.9,NA,NA,NA,NA,NA,NA,NA,NA,NA,NA,NA,NA,NA,NA,No,0
1943,2021-05-04,MN,MNA,Minnesota,5639632,Report,5176510,4509359,91788,79958,1907105,2403411,198605,238,2709898,48.1,32.3,2662118,61.4,4448594,102585,119371,807666,87.8,1489332,161817,562431,1820624,1807340,41.7,2157100,2737410,282000,0,814404,1006160,200823,60,814258,993022,200694,60,312219,385264,38213,25,2021447,35.8,2008034,46.3,735721,79.9,NA,NA,NA,NA,NA,NA,NA,NA,NA,NA,NA,NA,NA,NA,No,0
1943,2021-05-04,MO,MOA,Missouri,6137428,Report,5369365,4096058,87486,66739,1617749,2354514,123444,351,2344903,38.2,26.6,2319025,48.6,4059817,85168,112640,808527,76.1,1517317,142869,505572,1632113,1624347,34.1,2223700,2860065,285600,0,676657,955399,124114,57,676524,947767,124002,56,317055,352031,25209,25,1756227,28.6,1748349,36.7,694320,65.4,NA,NA,NA,NA,NA,NA,NA,NA,NA,NA,NA,NA,NA,NA,No,0
1943,2021-05-04,MP,MPA,Northern Mariana Islands,56882,Report,72330,41275,127158,72562,5480,35747,48,0,22653,39.8,32.7,22088,49.8,40411,91081,163023,2461,25.4,4712,48728,747983,18621,18322,41.3,20200,49530,2600,0,2268,16353,52,0,2268,16054,52,0,346,1903,41,0,18673,32.8,18374,41.4,2290,23.7,NA,NA,NA,NA,NA,NA,NA,NA,NA,NA,NA,NA,NA,NA,No,0
1943,2021-05-04,MS,MSA,Mississippi,2976149,Report,2468665,1616672,82948,54321,779327,790718,45767,860,935532,31.4,22.8,929645,40.8,1608010,70602,108390,353813,72.7,637721,131031,507232,678953,676140,29.7,1095800,1218165,154700,0,340407,338520,44757,26,340331,335783,44720,26,160694,128391,12212,9,723710,24.3,720860,31.7,301306,61.9,NA,NA,NA,NA,NA,NA,NA,NA,NA,NA,NA,NA,NA,NA,No,0
1943,2021-05-04,MT,MTA,Montana,1068778,Report,1003745,774946,93915,72508,367149,384738,22859,200,441030,41.3,31,435391,51.8,766218,91196,119466,161512,78.2,299418,145041,486223,331113,328088,39,450700,489645,63400,0,162578,168474,22434,61,162519,165508,22419,61,70160,68769,5377,36,353547,33.1,350507,41.7,144342,69.9,NA,NA,NA,NA,NA,NA,NA,NA,NA,NA,NA,NA,NA,NA,No,0
1943,2021-05-04,NC,NCA,North Carolina,10488084,Report,10101810,7227406,96317,68911,3005731,3979236,242110,329,4173701,39.8,28.4,4111286,50.2,7138395,87188,123383,1353770,77.3,2568811,146697,576886,2974258,2948110,36,4156500,5369910,575400,0,1259302,1714922,238545,34,1258143,1689933,237704,34,561708,605419,25795,25,3212803,30.6,3185814,38.9,1192947,68.1,NA,NA,NA,NA,NA,NA,NA,NA,NA,NA,NA,NA,NA,NA,No,0
1943,2021-05-04,ND,NDA,North Dakota,762062,Report,647200,567924,84927,74525,249876,296025,22023,0,300916,39.5,30.7,297319,51.1,561645,96521,111224,97256,81.2,187857,156750,540031,233946,231839,39.8,293600,319800,33800,0,107442,126503,19426,1,107350,124488,19355,1,42211,40260,2805,0,253372,33.2,251194,43.2,85276,71.2,NA,NA,NA,NA,NA,NA,NA,NA,NA,NA,NA,NA,NA,NA,No,0
1943,2021-05-04,NE,NEA,Nebraska,1934408,Report,1812310,1463240,93688,75643,612160,795713,52852,2515,844553,43.7,31.7,831709,57,1446209,99169,124273,262822,84.1,504671,161516,580017,613538,609230,41.8,742700,970710,98900,0,263506,349296,53041,736,263446,345049,53011,735,116060,118546,3850,532,666579,34.5,662241,45.4,238988,76.5,NA,NA,NA,NA,NA,NA,NA,NA,NA,NA,NA,NA,NA,NA,No,0
1943,2021-05-04,NH,NHA,New Hampshire,1359711,Report,1353385,1157226,99535,85108,496844,607839,52516,27,830096,61,26.2,821008,74.3,1146793,103833,122538,291290,99.9,451411,177816,533114,356857,355843,32.2,571800,679185,102400,0,181025,175817,53466,15,180879,174949,53443,15,82802,88904,12268,10,410323,30.2,409286,37.1,183984,72.5,NA,NA,NA,NA,NA,NA,NA,NA,NA,NA,NA,NA,NA,NA,No,0
1943,2021-05-04,NJ,NJA,New Jersey,8882190,Report,9006975,7518475,101405,84647,3255700,3978988,283312,475,4660766,52.5,34.6,4589724,66.1,7424780,106930,129716,1270161,86.1,2227350,150952,610421,3068977,3045418,43.9,3711700,4782375,512900,0,1347171,1721781,285592,25,1346981,1698415,285480,22,502089,502024,65650,13,3354569,37.8,3330898,48,1069776,72.5,NA,NA,NA,NA,NA,NA,NA,NA,NA,NA,NA,NA,NA,NA,No,0
1943,2021-05-04,NM,NMA,New Mexico,2096829,Report,2082125,1852022,99299,88325,829091,973439,47210,2282,1086281,51.8,36.8,1065074,65.7,1825286,112603,128448,329396,87.2,589942,156232,551401,771332,763915,47.1,896600,1059825,125700,0,341133,429554,46386,645,340951,422319,46306,645,126860,137954,12722,389,817718,39,810221,50,277925,73.6,NA,NA,NA,NA,NA,NA,NA,NA,NA,NA,NA,NA,NA,NA,No,0
1943,2021-05-04,NV,NVA,Nevada,3080156,Report,2569060,2111052,83407,68537,885000,1151220,74832,0,1239579,40.2,26.8,1224255,51.3,2090624,87565,107604,381999,77,711741,143504,517985,824663,819765,34.3,1070600,1343160,155300,0,357961,466697,73931,5,357918,461842,73911,5,156069,155182,15000,4,898594,29.2,893676,37.4,326255,65.8,NA,NA,NA,NA,NA,NA,NA,NA,NA,NA,NA,NA,NA,NA,No,0
1943,2021-05-04,NY,NYA,New York State,19453561,Report,19347575,16178509,99455,83165,6919695,8645463,610358,2993,9460031,48.6,33.3,9331441,60.5,16009295,103786,125428,2615656,79.4,4768202,144660,586976,6476580,6435670,41.7,8086300,10199475,1061800,0,2881908,3594069,596172,603,2881421,3553655,595866,594,1092837,1034545,121350,336,7072752,36.4,7031536,45.6,2249068,68.2,NA,NA,NA,NA,NA,NA,NA,NA,NA,NA,NA,NA,NA,NA,No,0
1943,2021-05-04,OH,OHA,Ohio,11689100,Report,10747775,8577643,91947,73382,3683831,4583973,301975,7864,4783268,40.9,31,4714694,51.7,8474889,93017,117964,1622440,79.3,3093367,151167,525225,3624148,3591904,39.4,4460700,5710575,576500,0,1598496,2023324,291534,2328,1598337,1991248,291428,2319,680721,740548,60208,1365,3915682,33.5,3883332,42.6,1482842,72.5,NA,NA,NA,NA,NA,NA,NA,NA,NA,NA,NA,NA,NA,NA,No,0
1943,2021-05-04,OK,OKA,Oklahoma,3956971,Report,3782545,2723545,95592,68829,1271265,1381080,71164,36,1537843,38.9,28.5,1519454,50.6,2693602,89645,125886,508544,80.1,933782,147022,595553,1129645,1118754,37.2,1641200,1940445,200900,0,538865,590758,70338,22,538732,580000,70300,22,225563,189812,12804,6,1199983,30.3,1189054,39.6,428185,67.4,NA,NA,NA,NA,NA,NA,NA,NA,NA,NA,NA,NA,NA,NA,No,0
1943,2021-05-04,OR,ORA,Oregon,4217737,Report,4083255,3178607,96812,75363,1376342,1700581,100063,1621,1936421,45.9,29.8,1906228,56.9,3141012,93729,121845,615800,80.4,1129982,147502,533006,1254989,1247283,37.2,1755600,2076555,251100,0,567615,687091,98961,283,567114,679888,98657,281,253565,267176,32960,152,1353950,32.1,1345940,40.2,553853,72.3,NA,NA,NA,NA,NA,NA,NA,NA,NA,NA,NA,NA,NA,NA,No,0
1943,2021-05-04,PA,PAA,Pennsylvania,12801989,Report,12985685,10438087,101435,81535,4477713,5603921,356189,264,6509831,50.9,30.8,6434109,63.3,10346341,101760,127719,2240583,93.6,3884346,162297,542571,3946870,3930001,38.7,5485900,6575985,923800,0,1719750,2226909,361367,211,1719235,2210558,361202,208,788729,843444,50141,120,4308237,33.7,4291203,42.2,1682434,70.3,NA,NA,NA,NA,NA,NA,NA,NA,NA,NA,NA,NA,NA,NA,No,0
1943,2021-05-04,PR,PRA,Puerto Rico,3193694,Report,3242340,1974000,101523,61809,794547,1110382,68793,278,1242762,38.9,23.5,1227028,46.8,1957891,74701,123708,395389,72.8,700135,128955,597195,749832,748950,28.6,1406200,1648140,188000,0,297493,452321,68869,18,297446,451486,68788,18,148240,160211,11324,3,818701,25.6,817738,31.2,319778,58.9,NA,NA,NA,NA,NA,NA,NA,NA,NA,NA,NA,NA,NA,NA,No,0
1943,2021-05-04,RI,RIA,Rhode Island,1059361,Report,1169975,947446,110442,89436,398338,510787,38294,27,567918,53.6,35.1,559321,65.4,936892,109595,136861,171046,91.4,323277,172833,625501,371327,369577,43.2,483300,628875,57800,0,164158,207163,38097,6,164140,205431,38083,6,72365,78963,4909,2,409424,38.6,407660,47.7,156239,83.5,NA,NA,NA,NA,NA,NA,NA,NA,NA,NA,NA,NA,NA,NA,No,0
1943,2021-05-04,RP,RPA,Republic of Palau,17907,Report,24600,20410,137376,113978,19275,1,1134,0,12760,71.3,43.7,12760,91.4,20410,146130,176129,1576,51.8,2886,94809,808147,7827,7827,56,20800,0,3800,0,7809,18,1134,0,7809,18,1134,0,1343,8,118,0,8961,50,8961,64.2,1469,48.3,NA,NA,NA,NA,NA,NA,NA,NA,NA,NA,NA,NA,NA,NA,No,0
1943,2021-05-04,SC,SCA,South Carolina,5148714,Report,4616505,3317032,89663,64424,1341507,1873997,100471,1057,1906089,37,26.5,1885034,46.7,3286668,81403,114340,752377,80.3,1376969,146951,492678,1363616,1354413,33.5,1910200,2433405,272900,0,544689,818718,97905,209,544289,809915,97694,209,267894,352621,18629,142,1461521,28.4,1452107,36,639286,68.2,NA,NA,NA,NA,NA,NA,NA,NA,NA,NA,NA,NA,NA,NA,No,0
1943,2021-05-04,SD,SDA,South Dakota,884659,Report,904295,713850,102220,80692,326793,367838,19206,13,398802,45.1,35.9,393711,59,706097,105773,135463,134737,88.7,252867,166501,595436,317564,314864,47.2,411900,436995,55400,0,149443,168112,19327,9,149408,165447,19320,9,64205,56991,2696,5,336891,38.1,334184,50.1,123897,81.6,NA,NA,NA,NA,NA,NA,NA,NA,NA,NA,NA,NA,NA,NA,No,0
1943,2021-05-04,TN,TNA,Tennessee,6829174,Report,5559400,4116429,81407,60277,1793812,2205269,111395,5953,2376198,34.8,23.9,2353090,44.2,4083649,76773,104517,841315,73.6,1568999,137223,486220,1631859,1622717,30.5,2364900,2854800,339700,0,734411,895699,108597,1749,734258,886712,108475,1747,361200,321671,19844,1107,1740456,25.5,1731192,32.5,703822,61.6,NA,NA,NA,NA,NA,NA,NA,NA,NA,NA,NA,NA,NA,NA,No,0
1943,2021-05-04,TX,TXA,Texas,28995881,Report,26000725,19350193,89670,66734,8488397,10191527,669509,760,11253017,38.8,25.8,11091144,51.4,19077882,88340,120396,2930286,78.5,5379035,144047,696281,7476252,7368707,34.1,10906800,13407225,1686700,0,3412071,4061789,655711,606,3362989,4003361,646279,597,1055012,1255905,202746,187,8130177,28,8013226,37.1,2513851,67.3,NA,NA,NA,NA,NA,NA,NA,NA,NA,NA,NA,NA,NA,NA,No,0
1943,2021-05-04,UT,UTA,Utah,3205958,Report,2614680,2201015,81557,68654,955829,1158714,86472,0,1289439,40.2,22.4,1257828,55.3,2158335,94881,114942,307424,84,574325,156974,714643,716829,706520,31.1,1138600,1326780,149300,0,318600,398228,83331,1,318476,388043,83235,1,90446,105043,10505,0,800160,25,789755,34.7,205994,56.3,NA,NA,NA,NA,NA,NA,NA,NA,NA,NA,NA,NA,NA,NA,No,0
1943,2021-05-04,VA,VAA,Virginia,8535519,Report,8451965,6888785,99021,80707,2860919,3801379,224617,1870,4107915,48.1,32,4031208,60.4,6788704,101708,126627,1140257,83.9,2082258,153230,621968,2729335,2706184,40.5,3474600,4521465,455900,0,1185051,1543700,223288,584,1183628,1521974,222631,582,471901,459137,48697,371,2952623,34.6,2928815,43.9,980106,72.1,NA,NA,NA,NA,NA,NA,NA,NA,NA,NA,NA,NA,NA,NA,No,0
1943,2021-05-04,VA2,VA2,Veterans Health,0,Report,6235095,4978187,0,0,2604256,2254719,119210,2,2691897,0,0,2691443,0,4977602,0,0,1436466,0,2735655,0,0,2284195,2284065,0,2984700,2730195,520200,0,1218594,1065600,119141,1,1218568,1065496,119123,1,749493,549161,41216,1,2403336,0,2403188,0,1339871,0,NA,NA,NA,NA,NA,NA,NA,NA,NA,NA,NA,NA,NA,NA,No,0
1943,2021-05-04,VI,VIA,Virgin Islands,104680,Report,66080,63661,63126,60815,20930,42341,390,0,34144,32.6,25.6,33763,41.4,62994,77151,80931,11357,63.8,20884,117352,371319,26802,26571,32.5,21700,43680,700,0,9208,17594,406,0,9199,17372,404,0,3997,5396,168,0,27208,26,26975,33,9561,53.7,NA,NA,NA,NA,NA,NA,NA,NA,NA,NA,NA,NA,NA,NA,No,0
1943,2021-05-04,VT,VTA,Vermont,623989,Report,710550,595369,113872,95413,263595,304569,26673,532,361667,58,35.7,357441,70.1,590118,115713,139328,119585,95.6,231399,185061,568263,222573,221636,43.5,308700,356850,45000,0,100162,122230,26236,181,100144,121311,26217,181,52427,53489,743,120,248809,39.9,247853,48.6,106779,85.4,NA,NA,NA,NA,NA,NA,NA,NA,NA,NA,NA,NA,NA,NA,No,0
1943,2021-05-04,WA,WAA,Washington,7614893,Report,7597610,6056250,99773,79532,2594739,3254026,203821,3664,3637897,47.8,31.1,3585327,60.2,5990097,100643,127652,1035260,85.6,1955964,161687,628045,2369257,2356212,39.6,3195600,3981510,420500,0,1054118,1314224,203815,915,1053932,1301366,203700,914,433690,467090,37770,605,2573072,33.8,2559912,43,939155,77.6,NA,NA,NA,NA,NA,NA,NA,NA,NA,NA,NA,NA,NA,NA,No,0
1943,2021-05-04,WI,WIA,Wisconsin,5822434,Report,5458225,4767068,93745,81874,2044197,2546448,175945,478,2695375,46.3,33.8,2654102,58.3,4706847,103315,119807,882697,86.8,1731208,170186,536570,1968287,1951603,42.8,2357700,2810925,289600,0,866477,1101603,169452,207,866328,1085069,169363,206,402917,402384,17092,86,2137739,36.7,2120966,46.6,822479,80.9,NA,NA,NA,NA,NA,NA,NA,NA,NA,NA,NA,NA,NA,NA,No,0
1943,2021-05-04,WV,WVA,West Virginia,1792147,Report,1664475,1188740,92876,66330,573996,595320,19424,0,645160,36,29.9,635814,44.4,1173486,81914,116187,259703,70.8,492700,134247,453522,535287,529812,37,763200,800475,100800,0,260832,274383,20397,72,260707,269033,20372,72,121901,110372,3369,42,555684,31,550184,38.4,235684,64.2,NA,NA,NA,NA,NA,NA,NA,NA,NA,NA,NA,NA,NA,NA,No,0
1943,2021-05-04,WY,WYA,Wyoming,578759,Report,483595,361199,83557,62409,175814,173577,11609,199,198293,34.3,26.4,196546,44.2,358509,80559,108667,72797,73.4,137601,138740,487598,153071,152231,34.2,233400,218595,31600,0,75448,77587,10926,36,75439,76756,10922,36,34528,30028,1792,15,163997,28.3,163153,36.7,66363,66.9,NA,NA,NA,NA,NA,NA,NA,NA,NA,NA,NA,NA,NA,NA,No,0
1943,2021-05-04,LTC,LTC,Long Term Care,NA,NA,NA,7802685,NA,NA,NA,NA,NA,NA,NA,0,0,NA,NA,NA,NA,NA,NA,NA,NA,NA,NA,NA,NA,NA,NA,NA,NA,NA,NA,NA,NA,NA,NA,NA,NA,NA,NA,NA,NA,NA,0,NA,NA,NA,NA,NA,0,0,0,0,NA,NA,NA,NA,NA,NA,NA,NA,NA,NA,No,0
