date,mmwr_week,state_abb,short_name,state,doses_distributed,doses_administered,dist_per_100k,admin_per_100k,pop,administered_moderna,administered_pfizer,administered_unk_manuf,ratio_admin_dist,n,new_dist,new_admin,max_date_ind,category,new_reported_cases,new_infected_est
2021-01-05,1,AL,ALA,Alabama,172000,40278,3508,821,4903185,NA,NA,NA,NA,1,0,0,No,state,5498,12162
2021-01-06,1,AL,ALA,Alabama,183900,43280,3751,883,4903185,NA,NA,NA,NA,2,11900,3002,No,state,4591,12522
2021-01-07,1,AL,ALA,Alabama,245100,48888,4999,997,4903185,19028,29860,0,0.199,3,61200,5608,No,state,5046,12603
2021-01-08,1,AL,ALA,Alabama,283200,57105,5776,1165,4903185,23726,33379,0,0.202,4,38100,8217,Yes,state,5057,12713
2021-01-05,1,AK,AKA,Alaska,76200,19050,10416,2604,731545,NA,NA,NA,NA,1,0,0,No,state,194,786
2021-01-06,1,AK,AKA,Alaska,80300,20106,10977,2748,731545,NA,NA,NA,NA,2,4100,1056,No,state,328,819
2021-01-07,1,AK,AKA,Alaska,87325,21830,11937,2984,731545,4419,17402,9,0.25,3,7025,1724,No,state,326,823
2021-01-08,1,AK,AKA,Alaska,93175,24562,12737,3358,731545,5249,19303,10,0.264,4,5850,2732,Yes,state,403,828
2021-01-05,1,AS,ASA,American Samoa,8250,1022,14814,1835,55689,NA,NA,NA,NA,1,0,0,No,territory,0,NA
2021-01-06,1,AS,ASA,American Samoa,8250,1022,14814,1835,55689,NA,NA,NA,NA,2,0,0,No,territory,0,NA
2021-01-07,1,AS,ASA,American Samoa,8250,1161,14814,2085,55689,189,972,0,0.141,3,0,139,No,territory,0,NA
2021-01-08,1,AS,ASA,American Samoa,10650,1331,19124,2390,55689,358,973,0,0.125,4,2400,170,Yes,territory,0,NA
2021-01-05,1,AZ,AZA,Arizona,419175,68707,5759,944,7278717,NA,NA,NA,NA,1,0,0,No,state,5932,24598
2021-01-06,1,AZ,AZA,Arizona,419175,75683,5759,1040,7278717,NA,NA,NA,NA,2,0,6976,No,state,7206,26243
2021-01-07,1,AZ,AZA,Arizona,453275,88266,6227,1213,7278717,24158,64097,11,0.195,3,34100,12583,No,state,9913,27317
2021-01-08,1,AZ,AZA,Arizona,453875,106288,6236,1460,7278717,29948,76325,15,0.234,4,600,18022,Yes,state,11658,27232
2021-01-05,1,AR,ARA,Arkansas,152175,40899,5043,1355,3017804,NA,NA,NA,NA,1,0,0,No,state,4107,9279
2021-01-06,1,AR,ARA,Arkansas,170700,40899,5656,1355,3017804,NA,NA,NA,NA,2,18525,0,No,state,3705,9526
2021-01-07,1,AR,ARA,Arkansas,212700,40899,7048,1355,3017804,9623,31275,1,0.192,3,42000,0,No,state,3323,9674
2021-01-08,1,AR,ARA,Arkansas,225100,40899,7459,1355,3017804,9623,31275,1,0.182,4,12400,0,Yes,state,2944,9777
2021-01-05,1,BP2,BP2,Bureau of Prisons,12800,8700,0,0,0,NA,NA,NA,NA,1,0,0,No,federal program,NA,NA
2021-01-06,1,BP2,BP2,Bureau of Prisons,12800,9391,0,0,0,NA,NA,NA,NA,2,0,691,No,federal program,NA,NA
2021-01-07,1,BP2,BP2,Bureau of Prisons,12800,11137,0,0,0,3136,6940,1061,0.87,3,0,1746,No,federal program,NA,NA
2021-01-08,1,BP2,BP2,Bureau of Prisons,14100,14909,0,0,0,4277,8724,1908,1.057,4,1300,3772,Yes,federal program,NA,NA
2021-01-05,1,CA,CAA,California,2039100,456980,5161,1157,39512223,NA,NA,NA,NA,1,0,0,No,state,31440,111166
2021-01-06,1,CA,CAA,California,2057375,486087,5207,1230,39512223,NA,NA,NA,NA,2,18275,29107,No,state,29892,112912
2021-01-07,1,CA,CAA,California,2314350,528173,5857,1337,39512223,130792,397381,0,0.228,3,256975,42086,No,state,36385,112495
2021-01-08,1,CA,CAA,California,2315325,584366,5860,1479,39512223,157458,426908,0,0.252,4,975,56193,Yes,state,50030,112567
2021-01-05,1,CO,COA,Colorado,281900,114555,4895,1989,5758736,NA,NA,NA,NA,1,0,0,No,state,3458,6860
2021-01-06,1,CO,COA,Colorado,282400,122347,4904,2125,5758736,NA,NA,NA,NA,2,500,7792,No,state,2557,7045
2021-01-07,1,CO,COA,Colorado,361375,130445,6275,2265,5758736,60235,70200,10,0.361,3,78975,8098,No,state,3473,7171
2021-01-08,1,CO,COA,Colorado,381775,145164,6629,2521,5758736,68720,76428,16,0.38,4,20400,14719,Yes,state,3187,7280
2021-01-05,1,CT,CTA,Connecticut,149900,81970,4204,2299,3565287,NA,NA,NA,NA,1,0,0,No,state,2332,5591
2021-01-06,1,CT,CTA,Connecticut,149900,93056,4204,2610,3565287,NA,NA,NA,NA,2,0,11086,No,state,2486,5911
2021-01-07,1,CT,CTA,Connecticut,219125,100889,6146,2830,3565287,60910,39979,0,0.46,3,69225,7833,No,state,3304,5868
2021-01-08,1,CT,CTA,Connecticut,219125,116277,6146,3261,3565287,70464,45813,0,0.531,4,0,15388,Yes,state,3236,5810
2021-01-05,1,DE,DEA,Delaware,53650,13962,5510,1434,973764,NA,NA,NA,NA,1,0,0,No,state,767,1889
2021-01-06,1,DE,DEA,Delaware,53650,14835,5510,1523,973764,NA,NA,NA,NA,2,0,873,No,state,629,1953
2021-01-07,1,DE,DEA,Delaware,64375,16677,6611,1713,973764,5002,11674,1,0.259,3,10725,1842,No,state,1220,1997
2021-01-08,1,DE,DEA,Delaware,65350,18482,6711,1898,973764,6113,12367,2,0.283,4,975,1805,Yes,state,554,2052
2021-01-05,1,DD2,DD2,Dept of Defense,270125,67766,0,0,0,NA,NA,NA,NA,1,0,0,No,federal program,NA,NA
2021-01-06,1,DD2,DD2,Dept of Defense,290600,74961,0,0,0,NA,NA,NA,NA,2,20475,7195,No,federal program,NA,NA
2021-01-07,1,DD2,DD2,Dept of Defense,342625,82842,0,0,0,29709,52734,399,0.242,3,52025,7881,No,federal program,NA,NA
2021-01-08,1,DD2,DD2,Dept of Defense,347600,95482,0,0,0,36802,58281,399,0.275,4,4975,12640,Yes,federal program,NA,NA
2021-01-05,1,DC,DCA,District of Columbia,35475,15853,5027,2246,705749,NA,NA,NA,NA,1,0,0,No,state,262,586
2021-01-06,1,DC,DCA,District of Columbia,35475,17475,5027,2476,705749,NA,NA,NA,NA,2,0,1622,No,state,316,592
2021-01-07,1,DC,DCA,District of Columbia,45950,19366,6511,2744,705749,3226,16140,0,0.421,3,10475,1891,No,state,268,590
2021-01-08,1,DC,DCA,District of Columbia,49250,21681,6978,3072,705749,4060,17621,0,0.44,4,3300,2315,Yes,state,357,597
2021-01-05,1,FM,FMA,Federated States of Micronesia,9800,30,9456,29,103643,NA,NA,NA,NA,1,0,0,No,territory,NA,NA
2021-01-06,1,FM,FMA,Federated States of Micronesia,9800,30,9456,29,103643,NA,NA,NA,NA,2,0,0,No,territory,NA,NA
2021-01-07,1,FM,FMA,Federated States of Micronesia,9800,100,9456,96,103643,100,0,0,0.01,3,0,70,No,territory,NA,NA
2021-01-08,1,FM,FMA,Federated States of Micronesia,9800,197,9456,190,103643,197,0,0,0.02,4,0,97,Yes,territory,NA,NA
2021-01-05,1,FL,FLA,Florida,1152000,264512,5364,1232,21477737,NA,NA,NA,NA,1,0,0,No,state,15556,40893
2021-01-06,1,FL,FLA,Florida,1152000,339032,5364,1579,21477737,NA,NA,NA,NA,2,0,74520,No,state,17262,43851
2021-01-07,1,FL,FLA,Florida,1355775,402802,6312,1875,21477737,204927,197817,58,0.297,3,203775,63770,No,state,19334,44706
2021-01-08,1,FL,FLA,Florida,1355775,402802,6312,1875,21477737,204927,197817,58,0.297,4,0,0,Yes,state,19136,45608
2021-01-05,1,GA,GAA,Georgia,493625,80459,4649,758,10617423,NA,NA,NA,NA,1,0,0,No,state,6102,20169
2021-01-06,1,GA,GAA,Georgia,514925,89695,4850,845,10617423,NA,NA,NA,NA,2,21300,9236,No,state,5588,20770
2021-01-07,1,GA,GAA,Georgia,619250,103793,5832,978,10617423,35883,67885,25,0.168,3,104325,14098,No,state,7072,20994
2021-01-08,1,GA,GAA,Georgia,687425,119118,6474,1122,10617423,44572,74517,29,0.173,4,68175,15325,Yes,state,10379,21109
2021-01-05,1,GU,GUA,Guam,19300,3791,11643,2287,165768,NA,NA,NA,NA,1,0,0,No,territory,13,34
2021-01-06,1,GU,GUA,Guam,19300,3791,11643,2287,165768,NA,NA,NA,NA,2,0,0,No,territory,21,35
2021-01-07,1,GU,GUA,Guam,19300,3791,11643,2287,165768,0,3791,0,0.196,3,0,0,No,territory,8,36
2021-01-08,1,GU,GUA,Guam,19300,3791,11643,2287,165768,0,3791,0,0.196,4,0,0,Yes,territory,13,37
2021-01-05,1,HI,HIA,Hawaii,82500,20893,5827,1476,1415872,NA,NA,NA,NA,1,0,0,No,state,123,391
2021-01-06,1,HI,HIA,Hawaii,82500,22896,5827,1617,1415872,NA,NA,NA,NA,2,0,2003,No,state,142,412
2021-01-07,1,HI,HIA,Hawaii,95200,24558,6724,1734,1415872,5878,18680,0,0.258,3,12700,1662,No,state,321,422
2021-01-08,1,HI,HIA,Hawaii,95700,27375,6759,1933,1415872,6434,20941,0,0.286,4,500,2817,Yes,state,308,432
2021-01-05,1,ID,IDA,Idaho,81525,19575,4562,1095,1787065,NA,NA,NA,NA,1,0,0,No,state,798,2857
2021-01-06,1,ID,IDA,Idaho,81525,20848,4562,1167,1787065,NA,NA,NA,NA,2,0,1273,No,state,1538,2871
2021-01-07,1,ID,IDA,Idaho,104925,22822,5871,1277,1787065,8445,14367,10,0.218,3,23400,1974,No,state,1263,2902
2021-01-08,1,ID,IDA,Idaho,108825,25335,6090,1418,1787065,9766,15556,13,0.233,4,3900,2513,Yes,state,1067,2886
2021-01-05,1,IL,ILA,Illinois,538300,176586,4248,1394,12671821,NA,NA,NA,NA,1,0,0,No,state,6839,17013
2021-01-06,1,IL,ILA,Illinois,542200,189660,4279,1497,12671821,NA,NA,NA,NA,2,3900,13074,No,state,7569,17375
2021-01-07,1,IL,ILA,Illinois,737125,213045,5817,1681,12671821,65383,147636,26,0.289,3,194925,23385,No,state,8757,17516
2021-01-08,1,IL,ILA,Illinois,769700,234051,6074,1847,12671821,75362,158660,29,0.304,4,32575,21006,Yes,state,9277,17650
2021-01-05,1,IH2,IH2,Indian Health Svc,175300,38053,0,0,0,NA,NA,NA,NA,1,0,0,No,federal program,NA,NA
2021-01-06,1,IH2,IH2,Indian Health Svc,176275,42841,0,0,0,NA,NA,NA,NA,2,975,4788,No,federal program,NA,NA
2021-01-07,1,IH2,IH2,Indian Health Svc,182125,49960,0,0,0,24350,25610,0,0.274,3,5850,7119,No,federal program,NA,NA
2021-01-08,1,IH2,IH2,Indian Health Svc,192850,58028,0,0,0,27703,30325,0,0.301,4,10725,8068,Yes,federal program,NA,NA
2021-01-05,1,IN,INA,Indiana,355825,100487,5285,1493,6732219,NA,NA,NA,NA,1,0,0,No,state,3395,14014
2021-01-06,1,IN,INA,Indiana,356025,111806,5288,1661,6732219,NA,NA,NA,NA,2,200,11319,No,state,6146,14299
2021-01-07,1,IN,INA,Indiana,409625,123835,6085,1839,6732219,25175,98654,6,0.302,3,53600,12029,No,state,7270,14451
2021-01-08,1,IN,INA,Indiana,430025,137933,6388,2049,6732219,33111,104813,9,0.321,4,20400,14098,Yes,state,6095,14566
2021-01-05,1,IA,IAA,Iowa,120175,60137,3809,1906,3155070,NA,NA,NA,NA,1,0,0,No,state,1021,2982
2021-01-06,1,IA,IAA,Iowa,121475,66051,3850,2093,3155070,NA,NA,NA,NA,2,1300,5914,No,state,2010,3111
2021-01-07,1,IA,IAA,Iowa,191675,74224,6075,2353,3155070,43728,30496,0,0.387,3,70200,8173,No,state,1294,3192
2021-01-08,1,IA,IAA,Iowa,191675,80621,6075,2555,3155070,47402,33219,0,0.421,4,0,6397,Yes,state,1608,3269
2021-01-05,1,KS,KSA,Kansas,131750,20158,4522,692,2913314,NA,NA,NA,NA,1,0,0,No,state,0,7158
2021-01-06,1,KS,KSA,Kansas,131750,31938,4522,1096,2913314,NA,NA,NA,NA,2,0,11780,No,state,5501,6963
2021-01-07,1,KS,KSA,Kansas,191225,36538,6564,1254,2913314,16695,19843,0,0.191,3,59475,4600,No,state,0,6819
2021-01-08,1,KS,KSA,Kansas,191225,58841,6564,2020,2913314,26561,32280,0,0.308,4,0,22303,Yes,state,5504,6622
2021-01-05,1,KY,KYA,Kentucky,174150,61408,3898,1374,4467673,NA,NA,NA,NA,1,0,0,No,state,1693,9541
2021-01-06,1,KY,KYA,Kentucky,174150,67673,3898,1515,4467673,NA,NA,NA,NA,2,0,6265,No,state,5705,10645
2021-01-07,1,KY,KYA,Kentucky,244350,94443,5469,2114,4467673,57240,37202,1,0.387,3,70200,26770,No,state,4889,10974
2021-01-08,1,KY,KYA,Kentucky,267750,94443,5993,2114,4467673,57240,37202,1,0.353,4,23400,0,Yes,state,4737,11281
2021-01-05,1,LTC,LTC,Long Term Care,3260775,429066,0,0,0,NA,NA,NA,NA,1,0,0,No,federal program,NA,NA
2021-01-06,1,LTC,LTC,Long Term Care,3416875,511635,0,0,0,NA,NA,NA,NA,2,156100,82569,No,federal program,NA,NA
2021-01-07,1,LTC,LTC,Long Term Care,3770425,603313,0,0,0,112029,485264,6020,0.16,3,353550,91678,No,federal program,NA,NA
2021-01-08,1,LTC,LTC,Long Term Care,4060225,693246,0,0,0,134777,552449,6020,0.171,4,289800,89933,Yes,federal program,NA,NA
2021-01-05,1,LA,LAA,Louisiana,230125,49693,4950,1069,4648794,NA,NA,NA,NA,1,0,0,No,state,4467,9369
2021-01-06,1,LA,LAA,Louisiana,230125,54973,4950,1183,4648794,NA,NA,NA,NA,2,0,5280,No,state,6876,9803
2021-01-07,1,LA,LAA,Louisiana,298825,64664,6428,1391,4648794,13209,51381,74,0.216,3,68700,9691,No,state,4530,10051
2021-01-08,1,LA,LAA,Louisiana,299325,78608,6439,1691,4648794,18632,59902,74,0.263,4,500,13944,Yes,state,3377,10166
2021-01-05,1,ME,MEA,Maine,70150,32150,5219,2392,1344212,NA,NA,NA,NA,1,0,0,No,state,597,1402
2021-01-06,1,ME,MEA,Maine,70150,34201,5219,2544,1344212,NA,NA,NA,NA,2,0,2051,No,state,525,1481
2021-01-07,1,ME,MEA,Maine,96475,37128,7177,2762,1344212,19942,17185,1,0.385,3,26325,2927,No,state,535,1475
2021-01-08,1,ME,MEA,Maine,96475,41429,7177,3082,1344212,21869,19559,1,0.429,4,0,4301,Yes,state,782,1467
2021-01-05,1,MH,MHA,Marshall Islands,1200,0,2054,0,58413,NA,NA,NA,NA,1,0,0,No,territory,NA,NA
2021-01-06,1,MH,MHA,Marshall Islands,1200,0,2054,0,58413,NA,NA,NA,NA,2,0,0,No,territory,NA,NA
2021-01-07,1,MH,MHA,Marshall Islands,7200,0,12326,0,58413,0,0,0,0,3,6000,0,No,territory,NA,NA
2021-01-08,1,MH,MHA,Marshall Islands,7200,0,12326,0,58413,0,0,0,0,4,0,0,Yes,territory,NA,NA
2021-01-05,1,MD,MDA,Maryland,291750,77274,4826,1278,6045680,NA,NA,NA,NA,1,0,0,No,state,1956,7086
2021-01-06,1,MD,MDA,Maryland,292450,87513,4837,1448,6045680,NA,NA,NA,NA,2,700,10239,No,state,3146,7210
2021-01-07,1,MD,MDA,Maryland,371425,100049,6144,1655,6045680,47046,52990,13,0.269,3,78975,12536,No,state,2970,7278
2021-01-08,1,MD,MDA,Maryland,371425,114731,6144,1898,6045680,56461,58257,13,0.309,4,0,14682,Yes,state,3732,7339
2021-01-05,1,MA,MAA,Massachusetts,328900,114465,4772,1661,6892503,NA,NA,NA,NA,1,0,0,No,state,4634,13063
2021-01-06,1,MA,MAA,Massachusetts,329000,124450,4773,1806,6892503,NA,NA,NA,NA,2,100,9985,No,state,6851,13545
2021-01-07,1,MA,MAA,Massachusetts,449025,137858,6515,2000,6892503,59177,78672,9,0.307,3,120025,13408,No,state,7548,13647
2021-01-08,1,MA,MAA,Massachusetts,449625,151430,6523,2197,6892503,65469,85952,9,0.337,4,600,13572,Yes,state,8120,13767
2021-01-05,1,MI,MIA,Michigan,478800,99040,4794,992,9986857,NA,NA,NA,NA,1,0,0,No,state,3031,9676
2021-01-06,1,MI,MIA,Michigan,480750,124689,4814,1249,9986857,NA,NA,NA,NA,2,1950,25649,No,state,4856,10331
2021-01-07,1,MI,MIA,Michigan,662450,137887,6633,1381,9986857,26672,111215,0,0.208,3,181700,13198,No,state,4249,10411
2021-01-08,1,MI,MIA,Michigan,662550,156251,6634,1565,9986857,34210,122041,0,0.236,4,100,18364,Yes,state,3908,10525
2021-01-05,1,MN,MNA,Minnesota,271375,86329,4812,1531,5639632,NA,NA,NA,NA,1,0,0,No,state,1573,5011
2021-01-06,1,MN,MNA,Minnesota,288850,97098,5122,1722,5639632,NA,NA,NA,NA,2,17475,10769,No,state,2326,5326
2021-01-07,1,MN,MNA,Minnesota,378425,97098,6710,1722,5639632,18039,79037,22,0.257,3,89575,0,No,state,1983,5488
2021-01-08,1,MN,MNA,Minnesota,381325,110427,6762,1958,5639632,21915,88489,23,0.29,4,2900,13329,Yes,state,2374,5706
2021-01-05,1,MS,MSA,Mississippi,97450,22174,3274,745,2976149,NA,NA,NA,NA,1,0,0,No,state,1767,9355
2021-01-06,1,MS,MSA,Mississippi,98650,24386,3315,819,2976149,NA,NA,NA,NA,2,1200,2212,No,state,2791,8954
2021-01-07,1,MS,MSA,Mississippi,159625,28356,5363,953,2976149,14750,13541,65,0.178,3,60975,3970,No,state,3255,8636
2021-01-08,1,MS,MSA,Mississippi,159625,34406,5363,1156,2976149,18883,15457,66,0.216,4,0,6050,Yes,state,2175,8135
2021-01-05,1,MO,MOA,Missouri,286075,98589,4661,1606,6137428,NA,NA,NA,NA,1,0,0,No,state,2632,8932
2021-01-06,1,MO,MOA,Missouri,294850,105173,4804,1714,6137428,NA,NA,NA,NA,2,8775,6584,No,state,2854,9011
2021-01-07,1,MO,MOA,Missouri,401050,113369,6534,1847,6137428,21032,92328,9,0.283,3,106200,8196,No,state,3983,9067
2021-01-08,1,MO,MOA,Missouri,406150,124721,6618,2032,6137428,23812,100896,13,0.307,4,5100,11352,Yes,state,4332,9064
2021-01-05,1,MT,MTA,Montana,52450,23526,4907,2201,1068778,NA,NA,NA,NA,1,0,0,No,state,714,1191
2021-01-06,1,MT,MTA,Montana,52450,24574,4907,2299,1068778,NA,NA,NA,NA,2,0,1048,No,state,682,1262
2021-01-07,1,MT,MTA,Montana,69025,27693,6458,2591,1068778,14598,13076,19,0.401,3,16575,3119,No,state,690,1278
2021-01-08,1,MT,MTA,Montana,71950,31444,6732,2942,1068778,16561,14864,19,0.437,4,2925,3751,Yes,state,818,1295
2021-01-05,1,NE,NEA,Nebraska,90875,36753,4698,1900,1934408,NA,NA,NA,NA,1,0,0,No,state,585,2883
2021-01-06,1,NE,NEA,Nebraska,90875,36753,4698,1900,1934408,NA,NA,NA,NA,2,0,0,No,state,1448,2899
2021-01-07,1,NE,NEA,Nebraska,132800,53548,6865,2768,1934408,22299,31216,33,0.403,3,41925,16795,No,state,1436,2924
2021-01-08,1,NE,NEA,Nebraska,143700,68297,7429,3531,1934408,28385,39877,35,0.475,4,10900,14749,Yes,state,1122,2928
2021-01-05,1,NV,NVA,Nevada,142525,34549,4627,1122,3080156,NA,NA,NA,NA,1,0,0,No,state,2423,6595
2021-01-06,1,NV,NVA,Nevada,142525,36874,4627,1197,3080156,NA,NA,NA,NA,2,0,2325,No,state,1938,6827
2021-01-07,1,NV,NVA,Nevada,187375,39761,6083,1291,3080156,16643,23118,0,0.212,3,44850,2887,No,state,3402,6956
2021-01-08,1,NV,NVA,Nevada,187375,44656,6083,1450,3080156,19334,25322,0,0.238,4,0,4895,Yes,state,2866,7046
2021-01-05,1,NH,NHA,New Hampshire,53675,30035,3948,2209,1359711,NA,NA,NA,NA,1,0,0,No,state,664,2395
2021-01-06,1,NH,NHA,New Hampshire,54650,33177,4019,2440,1359711,NA,NA,NA,NA,2,975,3142,No,state,846,2443
2021-01-07,1,NH,NHA,New Hampshire,77075,37369,5668,2748,1359711,20552,16790,27,0.485,3,22425,4192,No,state,423,2436
2021-01-08,1,NH,NHA,New Hampshire,89375,41868,6573,3079,1359711,22391,19450,27,0.468,4,12300,4499,Yes,state,891,2424
2021-01-05,1,NJ,NJA,New Jersey,390900,120947,4401,1362,8882190,NA,NA,NA,NA,1,0,0,No,state,6271,14716
2021-01-06,1,NJ,NJA,New Jersey,406500,137586,4577,1549,8882190,NA,NA,NA,NA,2,15600,16639,No,state,5848,16395
2021-01-07,1,NJ,NJA,New Jersey,572250,155458,6443,1750,8882190,75662,79321,475,0.272,3,165750,17872,No,state,7539,16832
2021-01-08,1,NJ,NJA,New Jersey,572250,156021,6443,1757,8882190,75662,79884,475,0.273,4,0,563,Yes,state,6949,17334
2021-01-05,1,NM,NMA,New Mexico,106425,42380,5076,2021,2096829,NA,NA,NA,NA,1,0,0,No,state,1184,3602
2021-01-06,1,NM,NMA,New Mexico,106525,44766,5080,2135,2096829,NA,NA,NA,NA,2,100,2386,No,state,1485,3712
2021-01-07,1,NM,NMA,New Mexico,133125,48306,6349,2304,2096829,9881,38418,7,0.363,3,26600,3540,No,state,1835,3747
2021-01-08,1,NM,NMA,New Mexico,145025,56366,6916,2688,2096829,13739,42614,13,0.389,4,11900,8060,Yes,state,1637,3772
2021-01-05,1,NY,NYA,New York State,934925,299428,4806,1539,19453561,NA,NA,NA,NA,1,0,0,No,state,12666,35112
2021-01-06,1,NY,NYA,New York State,934925,311797,4806,1603,19453561,NA,NA,NA,NA,2,0,12369,No,state,16648,35946
2021-01-07,1,NY,NYA,New York State,1134800,353788,5833,1819,19453561,132348,221354,86,0.312,3,199875,41991,No,state,17636,36327
2021-01-08,1,NY,NYA,New York State,1208900,434802,6214,2235,19453561,180855,253856,91,0.36,4,74100,81014,Yes,state,18832,36569
2021-01-05,1,NC,NCA,North Carolina,498450,121881,4753,1162,10488084,NA,NA,NA,NA,1,0,0,No,state,5285,21475
2021-01-06,1,NC,NCA,North Carolina,498450,137198,4753,1308,10488084,NA,NA,NA,NA,2,0,15317,No,state,6952,22580
2021-01-07,1,NC,NCA,North Carolina,647450,139474,6173,1330,10488084,42673,96472,329,0.215,3,149000,2276,No,state,10398,23062
2021-01-08,1,NC,NCA,North Carolina,649150,178136,6189,1698,10488084,54951,122856,329,0.274,4,1700,38662,Yes,state,10028,23417
2021-01-05,1,ND,NDA,North Dakota,40825,22358,5357,2934,762062,NA,NA,NA,NA,1,0,0,No,state,254,627
2021-01-06,1,ND,NDA,North Dakota,40825,23642,5357,3102,762062,NA,NA,NA,NA,2,0,1284,No,state,338,657
2021-01-07,1,ND,NDA,North Dakota,43950,27289,5767,3581,762062,14496,12793,0,0.621,3,3125,3647,No,state,324,667
2021-01-08,1,ND,NDA,North Dakota,43950,29954,5767,3931,762062,15517,14437,0,0.682,4,0,2665,Yes,state,282,676
2021-01-05,1,MP,MPA,Northern Mariana Islands,14050,3083,24700,5420,56882,NA,NA,NA,NA,1,0,0,No,territory,0,0
2021-01-06,1,MP,MPA,Northern Mariana Islands,18650,3090,32787,5432,56882,NA,NA,NA,NA,2,4600,7,No,territory,2,0
2021-01-07,1,MP,MPA,Northern Mariana Islands,18650,3090,32787,5432,56882,0,3090,0,0.166,3,0,0,No,territory,1,0
2021-01-08,1,MP,MPA,Northern Mariana Islands,18650,3101,32787,5452,56882,11,3090,0,0.166,4,0,11,Yes,territory,0,0
2021-01-05,1,OH,OHA,Ohio,359800,163130,3078,1396,11689100,NA,NA,NA,NA,1,0,0,No,state,7580,23833
2021-01-06,1,OH,OHA,Ohio,359800,175681,3078,1503,11689100,NA,NA,NA,NA,2,0,12551,No,state,7814,25018
2021-01-07,1,OH,OHA,Ohio,576250,175681,4930,1503,11689100,119064,56605,12,0.305,3,216450,0,No,state,10251,25287
2021-01-08,1,OH,OHA,Ohio,646450,223424,5530,1911,11689100,155167,68235,22,0.346,4,70200,47743,Yes,state,9535,25584
2021-01-05,1,OK,OKA,Oklahoma,218175,63090,5514,1594,3956971,NA,NA,NA,NA,1,0,0,No,state,1497,11074
2021-01-06,1,OK,OKA,Oklahoma,223050,72862,5637,1841,3956971,NA,NA,NA,NA,2,4875,9772,No,state,3305,11958
2021-01-07,1,OK,OKA,Oklahoma,264000,85978,6672,2173,3956971,34820,51158,0,0.326,3,40950,13116,No,state,3781,12403
2021-01-08,1,OK,OKA,Oklahoma,297625,103020,7522,2604,3956971,45898,57121,1,0.346,4,33625,17042,Yes,state,5232,12424
2021-01-05,1,OR,ORA,Oregon,226700,51283,5375,1216,4217737,NA,NA,NA,NA,1,0,0,No,state,1035,3118
2021-01-06,1,OR,ORA,Oregon,227000,55247,5382,1310,4217737,NA,NA,NA,NA,2,300,3964,No,state,735,3100
2021-01-07,1,OR,ORA,Oregon,262100,61672,6214,1462,4217737,26305,35342,25,0.235,3,35100,6425,No,state,862,3085
2021-01-08,1,OR,ORA,Oregon,262300,66933,6219,1587,4217737,29259,37646,28,0.255,4,200,5261,Yes,state,1762,3064
2021-01-05,1,PA,PAA,Pennsylvania,625400,164552,4885,1285,12801989,NA,NA,NA,NA,1,0,0,No,state,8818,23391
2021-01-06,1,PA,PAA,Pennsylvania,656600,179354,5129,1401,12801989,NA,NA,NA,NA,2,31200,14802,No,state,9474,23679
2021-01-07,1,PA,PAA,Pennsylvania,789250,202498,6165,1582,12801989,64689,137809,0,0.257,3,132650,23144,No,state,9698,23688
2021-01-08,1,PA,PAA,Pennsylvania,812550,226478,6347,1769,12801989,75433,151045,0,0.279,4,23300,23980,Yes,state,10178,23725
2021-01-05,1,PR,PRA,Puerto Rico,172600,45368,5404,1421,3193694,NA,NA,NA,NA,1,0,0,No,territory,514,1626
2021-01-06,1,PR,PRA,Puerto Rico,194050,51071,6076,1599,3193694,NA,NA,NA,NA,2,21450,5703,No,territory,293,1591
2021-01-07,1,PR,PRA,Puerto Rico,237650,51071,7441,1599,3193694,10216,40646,209,0.215,3,43600,0,No,territory,286,1531
2021-01-08,1,PR,PRA,Puerto Rico,237650,51428,7441,1610,3193694,10484,40735,209,0.216,4,0,357,Yes,territory,2169,1486
2021-01-05,1,RP,RPA,Republic of Palau,2800,120,15636,670,17907,NA,NA,NA,NA,1,0,0,No,territory,NA,NA
2021-01-06,1,RP,RPA,Republic of Palau,2800,120,15636,670,17907,NA,NA,NA,NA,2,0,0,No,territory,NA,NA
2021-01-07,1,RP,RPA,Republic of Palau,2800,247,15636,1379,17907,247,0,0,0.088,3,0,127,No,territory,NA,NA
2021-01-08,1,RP,RPA,Republic of Palau,2800,247,15636,1379,17907,247,0,0,0.088,4,0,0,Yes,territory,NA,NA
2021-01-05,1,RI,RIA,Rhode Island,55600,23151,5248,2185,1059361,NA,NA,NA,NA,1,0,0,No,state,1144,2431
2021-01-06,1,RI,RIA,Rhode Island,55600,25688,5248,2425,1059361,NA,NA,NA,NA,2,0,2537,No,state,1611,2462
2021-01-07,1,RI,RIA,Rhode Island,72175,27696,6813,2614,1059361,12573,15123,0,0.384,3,16575,2008,No,state,1128,2470
2021-01-08,1,RI,RIA,Rhode Island,72175,30264,6813,2857,1059361,14228,16036,0,0.419,4,0,2568,Yes,state,1023,2469
2021-01-05,1,SC,SCA,South Carolina,146250,61797,2841,1200,5148714,NA,NA,NA,NA,1,0,0,No,state,2601,12120
2021-01-06,1,SC,SCA,South Carolina,146250,58044,2841,1127,5148714,NA,NA,NA,NA,2,0,-3753,No,state,5162,13010
2021-01-07,1,SC,SCA,South Carolina,225850,58044,4387,1127,5148714,5675,52344,25,0.257,3,79600,0,No,state,4877,13415
2021-01-08,1,SC,SCA,South Carolina,256550,64729,4983,1257,5148714,7606,57092,31,0.252,4,30700,6685,Yes,state,6064,13772
2021-01-05,1,SD,SDA,South Dakota,44300,28581,5008,3231,884659,NA,NA,NA,NA,1,0,0,No,state,433,1277
2021-01-06,1,SD,SDA,South Dakota,45275,31267,5118,3534,884659,NA,NA,NA,NA,2,975,2686,No,state,608,1326
2021-01-07,1,SD,SDA,South Dakota,59900,33389,6771,3774,884659,16586,16790,13,0.557,3,14625,2122,No,state,448,1336
2021-01-08,1,SD,SDA,South Dakota,67925,36890,7678,4170,884659,18085,18792,13,0.543,4,8025,3501,Yes,state,448,1327
2021-01-05,1,TN,TNA,Tennessee,328500,154184,4810,2258,6829174,NA,NA,NA,NA,1,0,0,No,state,5399,21940
2021-01-06,1,TN,TNA,Tennessee,328500,166389,4810,2436,6829174,NA,NA,NA,NA,2,0,12205,No,state,7588,22845
2021-01-07,1,TN,TNA,Tennessee,454800,179811,6660,2633,6829174,75464,104304,43,0.395,3,126300,13422,No,state,9000,23047
2021-01-08,1,TN,TNA,Tennessee,458100,196642,6708,2879,6829174,85035,111550,57,0.429,4,3300,16831,Yes,state,6369,23237
2021-01-05,1,TX,TXA,Texas,1371125,451210,4729,1556,28995881,NA,NA,NA,NA,1,0,0,No,state,31630,58925
2021-01-06,1,TX,TXA,Texas,1375800,489003,4745,1686,28995881,NA,NA,NA,NA,2,4675,37793,No,state,24010,60912
2021-01-07,1,TX,TXA,Texas,1676925,545658,5783,1882,28995881,274672,270986,0,0.325,3,301125,56655,No,state,24578,61961
2021-01-08,1,TX,TXA,Texas,1833350,618298,6323,2132,28995881,317156,301142,0,0.337,4,156425,72640,Yes,state,23520,62378
2020-12-20,NA,US,NA,United States,NA,556208,NA,NA,NA,NA,NA,NA,NA,1,0,0,No,United States,196573,631076
2020-12-21,NA,US,NA,United States,NA,614117,NA,NA,NA,NA,NA,NA,NA,2,NA,57909,No,United States,178706,629647
2020-12-22,NA,US,NA,United States,NA,614117,NA,NA,NA,NA,NA,NA,NA,3,NA,0,No,United States,190625,624003
2020-12-23,NA,US,NA,United States,NA,1008025,NA,NA,NA,NA,NA,NA,NA,4,NA,393908,No,United States,221485,611572
2020-12-24,NA,US,NA,United States,NA,1008025,NA,NA,NA,NA,NA,NA,NA,5,NA,0,No,United States,204251,599188
2020-12-25,NA,US,NA,United States,NA,1008025,NA,NA,NA,NA,NA,NA,NA,6,NA,0,No,United States,125913,583834
2020-12-26,NA,US,NA,United States,NA,1944585,NA,NA,NA,NA,NA,NA,NA,7,NA,936560,No,United States,189826,569335
2020-12-27,NA,US,NA,United States,NA,1944585,NA,NA,NA,NA,NA,NA,NA,8,NA,0,No,United States,153769,555860
2020-12-28,NA,US,NA,United States,NA,2127143,NA,NA,NA,NA,NA,NA,NA,9,NA,182558,No,United States,162759,543575
2020-12-29,NA,US,NA,United States,NA,2127143,NA,NA,NA,NA,NA,NA,NA,10,NA,0,No,United States,195944,535694
2020-12-30,NA,US,NA,United States,NA,2794588,NA,NA,NA,NA,NA,NA,NA,11,NA,667445,No,United States,226259,538788
2020-12-31,NA,US,NA,United States,NA,2794588,NA,NA,NA,NA,NA,NA,NA,12,NA,0,No,United States,223652,549864
2021-01-01,NA,US,NA,United States,NA,2794588,NA,NA,NA,NA,NA,NA,NA,13,NA,0,No,United States,180269,567131
2021-01-02,NA,US,NA,United States,NA,4225756,NA,NA,NA,NA,NA,NA,NA,14,NA,1431168,No,United States,278968,585373
2021-01-03,NA,US,NA,United States,NA,4225756,NA,NA,NA,NA,NA,NA,NA,15,NA,0,No,United States,208144,602841
2021-01-04,NA,US,NA,United States,NA,4563260,NA,NA,NA,NA,NA,NA,NA,16,NA,337504,No,United States,177749,621052
2021-01-05,1,US,USA,United States,17020575,4836469,5127,1457,331996199,NA,NA,NA,NA,17,NA,273209,No,United States,215413,640792
2021-01-06,1,US,USA,United States,17288950,5306797,5208,1598,331996199,NA,NA,NA,NA,18,268375,470328,No,United States,247786,664403
2021-01-07,1,US,USA,United States,21419800,5919418,6452,1783,331996199,2295546,3620722,3150,0.276,19,4130850,612621,No,United States,269452,672140
2021-01-08,1,US,USA,United States,22137350,6688231,6668,2015,331996199,2690648,3993499,4084,0.302,20,717550,768813,Yes,United States,293104,677623
2021-01-05,1,UT,UTA,Utah,157925,49456,4926,1543,3205958,NA,NA,NA,NA,1,0,0,No,state,3318,7432
2021-01-06,1,UT,UTA,Utah,161825,56313,5048,1757,3205958,NA,NA,NA,NA,2,3900,6857,No,state,3769,7913
2021-01-07,1,UT,UTA,Utah,191075,62662,5960,1955,3205958,28704,33958,0,0.328,3,29250,6349,No,state,4597,8080
2021-01-08,1,UT,UTA,Utah,207500,71669,6472,2235,3205958,33160,38509,0,0.345,4,16425,9007,Yes,state,3793,8232
2021-01-05,1,VT,VTA,Vermont,33925,15955,5437,2557,623989,NA,NA,NA,NA,1,0,0,No,state,165,268
2021-01-06,1,VT,VTA,Vermont,37825,18740,6062,3003,623989,NA,NA,NA,NA,2,3900,2785,No,state,120,292
2021-01-07,1,VT,VTA,Vermont,48550,18740,7781,3003,623989,8321,10418,1,0.386,3,10725,0,No,state,245,299
2021-01-08,1,VT,VTA,Vermont,48550,22331,7781,3579,623989,10106,12223,2,0.46,4,0,3591,Yes,state,216,308
2021-01-05,1,VA2,VA2,Veterans Health,584300,118952,0,0,0,NA,NA,NA,NA,1,0,0,No,federal program,NA,NA
2021-01-06,1,VA2,VA2,Veterans Health,617450,133450,0,0,0,NA,NA,NA,NA,2,33150,14498,No,federal program,NA,NA
2021-01-07,1,VA2,VA2,Veterans Health,617450,149496,0,0,0,68473,81023,0,0.242,3,0,16046,No,federal program,NA,NA
2021-01-08,1,VA2,VA2,Veterans Health,617450,168159,0,0,0,78615,89544,0,0.272,4,0,18663,Yes,federal program,NA,NA
2021-01-05,1,VI,VIA,Virgin Islands,6600,231,6305,221,104680,NA,NA,NA,NA,1,0,0,No,territory,13,22
2021-01-06,1,VI,VIA,Virgin Islands,7675,283,7332,270,104680,NA,NA,NA,NA,2,1075,52,No,territory,28,25
2021-01-07,1,VI,VIA,Virgin Islands,7775,318,7427,304,104680,141,177,0,0.041,3,100,35,No,territory,23,26
2021-01-08,1,VI,VIA,Virgin Islands,7875,410,7523,392,104680,188,222,0,0.052,4,100,92,Yes,territory,37,27
2021-01-05,1,VA,VAA,Virginia,481550,126363,5642,1480,8535519,NA,NA,NA,NA,1,0,0,No,state,4377,13745
2021-01-06,1,VA,VAA,Virginia,481550,117240,5642,1374,8535519,NA,NA,NA,NA,2,0,-9123,No,state,5387,14227
2021-01-07,1,VA,VAA,Virginia,556625,136924,6521,1604,8535519,45059,91863,2,0.246,3,75075,19684,No,state,5379,14435
2021-01-08,1,VA,VAA,Virginia,556625,150104,6521,1759,8535519,50713,99389,2,0.27,4,0,13180,Yes,state,5238,14636
2021-01-05,1,WA,WAA,Washington,395500,96845,5194,1272,7614893,NA,NA,NA,NA,1,0,0,No,state,1039,6554
2021-01-06,1,WA,WAA,Washington,403500,104975,5299,1379,7614893,NA,NA,NA,NA,2,8000,8130,No,state,2332,6826
2021-01-07,1,WA,WAA,Washington,518550,121354,6810,1594,7614893,45562,75768,24,0.234,3,115050,16379,No,state,1985,7051
2021-01-08,1,WA,WAA,Washington,518550,135097,6810,1774,7614893,53255,81810,32,0.261,4,0,13743,Yes,state,3260,7648
2021-01-05,1,WV,WVA,West Virginia,126275,56664,7046,3162,1792147,NA,NA,NA,NA,1,0,0,No,state,1276,4037
2021-01-06,1,WV,WVA,West Virginia,126275,62154,7046,3468,1792147,NA,NA,NA,NA,2,0,5490,No,state,1516,4089
2021-01-07,1,WV,WVA,West Virginia,126275,74016,7046,4130,1792147,24745,49271,0,0.586,3,0,11862,No,state,1324,4164
2021-01-08,1,WV,WVA,West Virginia,126275,87215,7046,4867,1792147,30964,56251,0,0.691,4,0,13199,Yes,state,1896,4166
2021-01-05,1,WI,WIA,Wisconsin,266675,67398,4580,1158,5822434,NA,NA,NA,NA,1,0,0,No,state,4019,7884
2021-01-06,1,WI,WIA,Wisconsin,266675,73213,4580,1257,5822434,NA,NA,NA,NA,2,0,5815,No,state,4109,8210
2021-01-07,1,WI,WIA,Wisconsin,322775,82170,5544,1411,5822434,23030,59139,1,0.255,3,56100,8957,No,state,4509,8324
2021-01-08,1,WI,WIA,Wisconsin,323075,98373,5549,1690,5822434,31614,66758,1,0.304,4,300,16203,Yes,state,4110,8478
2021-01-05,1,WY,WYA,Wyoming,30650,7654,5296,1322,578759,NA,NA,NA,NA,1,0,0,No,state,322,656
2021-01-06,1,WY,WYA,Wyoming,32600,8360,5633,1444,578759,NA,NA,NA,NA,2,1950,706,No,state,321,683
2021-01-07,1,WY,WYA,Wyoming,40400,9324,6980,1611,578759,3950,5366,8,0.231,3,7800,964,No,state,278,706
2021-01-08,1,WY,WYA,Wyoming,41375,10791,7149,1865,578759,4705,6078,8,0.261,4,975,1467,Yes,state,479,716
